spellId,name,order,depth,path,effectId,parentId,actionId,criticalState,params,hitAtCap,oracleNormalPair,oracleCriticalPair
623,Cross-Airs,0,0,[167363],167363,623,5,NORMAL,"[2.0,0.23999999463558197]",60,True,False
623,Cross-Airs,1,0,[167675],167675,623,5,CRITICAL,"[2.5,0.30000001192092896]",76,False,True
625,Regeneration,8,2,"[367703,367706,367521]",367521,367706,4,CRITICAL,"[7.75,0.8999999761581421]",228,False,True
625,Regeneration,18,2,"[367697,367700,167884]",167884,367700,4,NORMAL,"[6.0,0.7200000286102295]",182,True,False
630,Anatomy,1,1,"[367522,367523]",367523,367522,5,NORMAL,"[5.0,0.6000000238418579]",152,True,False
630,Anatomy,2,1,"[367522,367524]",367524,367522,5,NORMAL,"[3.0,0.36000001430511475]",91,False,False
630,Anatomy,4,1,"[367525,367526]",367526,367525,5,CRITICAL,"[6.25,0.75]",190,False,True
630,Anatomy,5,1,"[367525,367527]",367527,367525,5,CRITICAL,"[3.75,0.44999998807907104]",113,False,False
636,Corrosive Heal,0,0,[167704],167704,636,2,CRITICAL,"[6.25,0.8125]",205,False,True
636,Corrosive Heal,1,0,[167598],167598,636,2,NORMAL,"[5.0,0.6499999761581421]",164,True,False
645,Heal-splosion,2,1,"[367430,367432]",367432,367430,2,CRITICAL,"[3.75,0.4124999940395355]",104,False,True
645,Heal-splosion,5,1,"[167592,167590]",167590,167592,2,NORMAL,"[3.0,0.33000001311302185]",83,True,False
749,Hammhour,1,1,"[314223,164751]",164751,314223,4,CRITICAL,"[3.75,0.4124999940395355]",104,False,True
749,Hammhour,7,2,"[314223,314225,314226]",314226,314225,4,CRITICAL,"[3.75,0.4124999940395355]",104,False,True
749,Hammhour,10,1,"[314218,9448]",9448,314218,4,NORMAL,"[3.0,0.33000001311302185]",83,True,False
749,Hammhour,12,2,"[314218,9448,33670]",33670,9448,1083,CRITICAL,"[7.5,0.7862499952316284]",200,False,False
749,Hammhour,13,2,"[314218,9448,33669]",33669,9448,1083,NORMAL,"[6.0,0.6290000081062317]",160,False,False
749,Hammhour,23,2,"[314218,314220,314221]",314221,314220,4,NORMAL,"[3.0,0.33000001311302185]",83,True,False
750,Disruption,1,1,"[348705,99030]",99030,348705,2,CRITICAL,"[3.75,0.4124999940395355]",104,False,True
750,Disruption,2,1,"[348705,348706]",348706,348705,2,CRITICAL,"[3.75,0.4124999940395355]",104,False,True
750,Disruption,4,1,"[348703,6063]",6063,348703,2,NORMAL,"[3.0,0.33000001311302185]",83,True,False
750,Disruption,25,1,"[348703,348704]",348704,348703,2,NORMAL,"[3.0,0.33000001311302185]",83,True,False
751,Suspension,11,2,"[348446,348450,99036]",99036,348450,2,CRITICAL,"[5.0,0.6499999761581421]",164,False,True
751,Suspension,23,2,"[348439,348443,98117]",98117,348443,2,NORMAL,"[4.0,0.5199999809265137]",131,True,False
752,Dark Bolt,1,1,"[312661,312662]",312662,312661,2,NORMAL,"[3.5,0.38499999046325684]",97,True,False
752,Dark Bolt,6,3,"[312661,314641,314647,314643]",314643,314647,2,NORMAL,"[6.5,0.7149999737739563]",181,False,False
752,Dark Bolt,9,1,"[312667,312668]",312668,312667,2,CRITICAL,"[4.375,0.48124998807907104]",122,False,True
752,Dark Bolt,14,3,"[312667,314944,314945,314947]",314947,314945,2,CRITICAL,"[8.125,0.893750011920929]",227,False,False
753,Dust,2,0,[99415],99415,753,2,CRITICAL,"[3.75,0.5249999761581421]",132,False,True
753,Dust,3,0,[39287],39287,753,2,NORMAL,"[3.0,0.41999998688697815]",105,True,False
754,Hand,0,0,[98124],98124,754,2,NORMAL,"[4.0,0.4399999976158142]",111,True,False
754,Hand,1,0,[99040],99040,754,2,CRITICAL,"[5.0,0.550000011920929]",139,False,True
765,Tempus Fugit,2,2,"[413027,413028,46617]",46617,413028,5,NORMAL,"[3.0,0.30000001192092896]",76,True,False
765,Tempus Fugit,25,2,"[413040,413041,99442]",99442,413041,5,CRITICAL,"[3.75,0.375]",95,False,True
766,Cog,5,0,[356044],356044,766,1083,NORMAL,"[1.0,0.07999999821186066]",20,True,False
767,Underhand,0,0,[46604],46604,767,5,NORMAL,"[2.0,0.23999999463558197]",60,True,False
767,Underhand,1,0,[164758],164758,767,5,CRITICAL,"[2.5,0.30000001192092896]",76,False,True
771,Spontaneous Return,1,1,"[349426,46629]",46629,349426,5,NORMAL,"[3.0,0.38999998569488525]",98,True,False
771,Spontaneous Return,10,1,"[349428,99084]",99084,349428,5,CRITICAL,"[3.75,0.48750001192092896]",123,False,True
772,Symmetry,6,2,"[353294,353295,353339]",353339,353295,5,NORMAL,"[3.0,0.30000001192092896]",76,True,False
772,Symmetry,17,2,"[353294,353301,353341]",353341,353301,5,NORMAL,"[3.0,0.30000001192092896]",76,True,False
772,Symmetry,24,2,"[353309,353310,353342]",353342,353310,5,CRITICAL,"[3.75,0.375]",95,False,True
772,Symmetry,35,2,"[353309,353314,353343]",353343,353314,5,CRITICAL,"[3.75,0.375]",95,False,True
775,Slow Down,0,0,[164301],164301,775,4,NORMAL,"[1.0,0.14000000059604645]",35,True,False
775,Slow Down,1,0,[164722],164722,775,4,CRITICAL,"[1.25,0.17499999701976776]",44,False,True
779,Healing Word,7,2,"[367668,367671,166940]",166940,367671,4,NORMAL,"[3.0,0.36000001430511475]",91,True,False
779,Healing Word,16,2,"[367674,367677,166942]",166942,367677,4,CRITICAL,"[3.75,0.44999998807907104]",113,False,False
780,Revitalization,5,2,"[367646,367506,167882]",167882,367506,4,NORMAL,"[3.0,0.30000001192092896]",76,True,False
780,Revitalization,10,2,"[367646,367507,367510]",367510,367507,4,NORMAL,"[3.0,0.30000001192092896]",76,True,False
780,Revitalization,16,2,"[367647,367511,367514]",367514,367511,4,CRITICAL,"[3.75,0.375]",95,False,True
780,Revitalization,21,2,"[367647,367515,367518]",367518,367515,4,CRITICAL,"[3.75,0.375]",95,False,True
783,Sandglass,6,4,"[4711,146013,146014,417185,146015]",146015,417185,4,NORMAL,"[5.0,0.6000000238418579]",152,False,False
783,Sandglass,13,4,"[4711,146013,146017,417189,417190]",417190,417189,4,NORMAL,"[5.0,0.6000000238418579]",152,False,False
783,Sandglass,22,4,"[4711,417196,417197,417200,417201]",417201,417200,4,CRITICAL,"[6.25,0.75]",190,False,False
783,Sandglass,29,4,"[4711,417196,417205,417207,417208]",417208,417207,4,CRITICAL,"[6.25,0.75]",190,False,False
918,Sadida's Tear,12,2,"[377809,377810,7642]",7642,377810,4,NORMAL,"[3.0,0.38999998569488525]",98,True,False
918,Sadida's Tear,47,2,"[377811,377812,36438]",36438,377812,4,CRITICAL,"[3.75,0.48750001192092896]",123,False,True
921,Vaporize,12,2,"[377805,377806,8011]",8011,377806,4,NORMAL,"[2.0,0.25999999046325684]",65,True,False
921,Vaporize,14,3,"[377805,377806,8011,373505]",373505,8011,5,NORMAL,"[94.0,0.0]",94,False,False
921,Vaporize,15,3,"[377805,377806,8011,373511]",373511,8011,5,CRITICAL,"[117.5,0.0]",117,False,False
921,Vaporize,47,2,"[377807,377808,377769]",377769,377808,4,CRITICAL,"[2.5,0.32499998807907104]",82,False,True
922,Drain,0,0,[36117],36117,922,4,NORMAL,"[6.0,0.7200000286102295]",182,True,False
922,Drain,1,0,[90080],90080,922,4,CRITICAL,"[7.5,0.8999999761581421]",227,False,False
925,Bramble,12,2,"[377830,377831,5664]",5664,377831,3,CRITICAL,"[3.75,0.44999998807907104]",113,False,False
925,Bramble,14,4,"[377830,377831,5664,176251,176257]",176257,176251,4,NORMAL,"[0.0,0.3700000047683716]",90,False,False
925,Bramble,21,4,"[377830,377831,5664,176306,176307]",176307,176306,4,CRITICAL,"[0.0,0.46000000834465027]",112,False,False
925,Bramble,28,3,"[377830,377831,5664,179293]",179293,5664,4,CRITICAL,"[0.0,0.46000000834465027]",112,False,False
925,Bramble,30,3,"[377830,377831,5664,179286]",179286,5664,4,NORMAL,"[0.0,0.3700000047683716]",90,False,False
925,Bramble,59,2,"[377828,377829,5602]",5602,377829,3,NORMAL,"[3.0,0.36000001430511475]",91,True,False
927,Wild Grass,17,4,"[377956,377938,377939,377988,377940]",377940,377988,3,NORMAL,"[2.0,0.23999999463558197]",60,True,False
927,Wild Grass,22,3,"[377956,377938,377944,36107]",36107,377944,3,NORMAL,"[2.0,0.23999999463558197]",60,True,False
927,Wild Grass,40,4,"[377964,377945,377946,377989,377947]",377947,377989,3,CRITICAL,"[2.5,0.30000001192092896]",76,False,True
927,Wild Grass,45,3,"[377964,377945,377951,377952]",377952,377951,3,CRITICAL,"[2.5,0.30000001192092896]",76,False,True
928,Sudden Chill,13,2,"[378037,378045,36118]",36118,378045,5,NORMAL,"[4.0,0.4399999976158142]",111,True,False
928,Sudden Chill,27,2,"[378046,378054,90126]",90126,378054,5,CRITICAL,"[5.0,0.550000011920929]",139,False,True
929,Compost,15,2,"[377844,377850,91728]",91728,377850,3,CRITICAL,"[5.0,0.6499999761581421]",164,False,True
929,Compost,37,2,"[377837,377838,58670]",58670,377838,3,NORMAL,"[4.0,0.5199999809265137]",131,True,False
930,Mudoll,13,2,"[377815,377816,377792]",377792,377816,4,CRITICAL,"[3.75,0.4124999940395355]",104,False,True
930,Mudoll,28,2,"[377813,377814,377781]",377781,377814,4,NORMAL,"[3.0,0.33000001311302185]",83,True,False
930,Mudoll,31,4,"[377813,377814,7613,341788,341789]",341789,341788,4,NORMAL,"[100.0,0.0]",100,False,False
930,Mudoll,34,4,"[377813,377814,7613,341791,341792]",341792,341791,4,CRITICAL,"[125.0,0.0]",125,False,False
931,Rust,0,0,[58672],58672,931,4,NORMAL,"[4.0,0.4000000059604645]",102,True,False
931,Rust,1,0,[169749],169749,931,4,CRITICAL,"[5.0,0.5]",127,False,True
932,Woodland Stench,12,2,"[377991,377999,36110]",36110,377999,5,NORMAL,"[3.0,0.36000001430511475]",91,True,False
932,Woodland Stench,27,2,"[378000,378008,161461]",161461,378008,5,CRITICAL,"[3.75,0.44999998807907104]",113,False,False
934,K'mir,18,2,"[378057,160666,36401]",36401,160666,5,NORMAL,"[3.0,0.36000001430511475]",91,True,False
934,K'mir,37,2,"[378065,160667,90144]",90144,160667,5,CRITICAL,"[3.75,0.44999998807907104]",113,False,False
935,Earthquake,3,1,"[378024,378025]",378025,378024,3,NORMAL,"[0.0,1.0]",245,False,False
935,Earthquake,5,1,"[378026,378027]",378027,378026,3,CRITICAL,"[0.0,1.0]",245,False,False
935,Earthquake,10,2,"[379426,379427,379428]",379428,379427,3,CRITICAL,"[2.5,0.30000001192092896]",76,False,True
935,Earthquake,12,2,"[379426,379429,379430]",379430,379429,3,CRITICAL,"[3.75,0.44999998807907104]",113,False,False
935,Earthquake,14,2,"[379426,379431,379432]",379432,379431,3,CRITICAL,"[5.0,0.6000000238418579]",152,False,False
935,Earthquake,16,2,"[379426,379433,379434]",379434,379433,3,CRITICAL,"[6.25,0.75]",190,False,False
935,Earthquake,18,2,"[379426,379435,379436]",379436,379435,3,CRITICAL,"[7.5,0.8999999761581421]",227,False,False
935,Earthquake,20,2,"[379426,379437,379438]",379438,379437,3,CRITICAL,"[8.75,1.0499999523162842]",265,False,False
935,Earthquake,23,2,"[379413,379414,379415]",379415,379414,3,NORMAL,"[2.0,0.23999999463558197]",60,True,False
935,Earthquake,25,2,"[379413,379416,379417]",379417,379416,3,NORMAL,"[3.0,0.36000001430511475]",91,False,False
935,Earthquake,27,2,"[379413,379418,379419]",379419,379418,3,NORMAL,"[4.0,0.47999998927116394]",121,False,False
935,Earthquake,29,2,"[379413,379420,379421]",379421,379420,3,NORMAL,"[5.0,0.6000000238418579]",152,False,False
935,Earthquake,31,2,"[379413,379422,379423]",379423,379422,3,NORMAL,"[6.0,0.7200000286102295]",182,False,False
935,Earthquake,33,2,"[379413,379424,379425]",379425,379424,3,NORMAL,"[7.0,0.8399999737739563]",212,False,False
937,Manifold Bramble,2,0,[6874],6874,937,3,NORMAL,"[6.0,0.6600000262260437]",167,True,False
937,Manifold Bramble,9,1,"[6874,293307]",293307,6874,3,CRITICAL,"[250.0,0.0]",250,False,False
937,Manifold Bramble,10,1,"[6874,293306]",293306,6874,3,NORMAL,"[200.0,0.0]",200,False,False
937,Manifold Bramble,11,0,[91091],91091,937,3,CRITICAL,"[7.5,0.824999988079071]",209,False,True
938,Gust,12,2,"[378073,378081,36341]",36341,378081,5,NORMAL,"[2.0,0.20000000298023224]",51,True,False
938,Gust,27,2,"[378082,378090,90167]",90167,378090,5,CRITICAL,"[2.5,0.25]",63,False,True
1417,Desynchronization,9,2,"[348535,348543,41437]",41437,348543,4,NORMAL,"[4.0,0.4000000059604645]",102,True,False
1417,Desynchronization,20,2,"[348544,348552,312721]",312721,348552,4,CRITICAL,"[5.0,0.5]",127,False,True
1418,Paradox,124,0,[312808],312808,1418,5,NORMAL,"[4.0,0.4000000059604645]",102,True,False
1418,Paradox,125,0,[312996],312996,1418,5,CRITICAL,"[5.0,0.5]",127,False,True
1532,Infusion,9,2,"[367681,367684,166944]",166944,367684,4,NORMAL,"[4.0,0.47999998927116394]",121,True,False
1532,Infusion,20,2,"[367687,367690,367505]",367505,367690,4,CRITICAL,"[5.0,0.6000000238418579]",152,False,True
1533,Invigoration,8,2,"[367641,367661,166936]",166936,367661,4,NORMAL,"[2.0,0.25999999046325684]",65,True,False
1533,Invigoration,18,2,"[367662,367665,166938]",166938,367665,4,CRITICAL,"[2.5,0.32499998807907104]",82,False,True
1534,Purifying Flame,3,2,"[367650,367470,367472]",367472,367470,2,CRITICAL,"[3.75,0.44999998807907104]",113,False,False
1534,Purifying Flame,7,2,"[367650,367466,367468]",367468,367466,2,CRITICAL,"[3.75,0.44999998807907104]",113,False,False
1534,Purifying Flame,12,2,"[367649,367462,367464]",367464,367462,2,NORMAL,"[3.0,0.36000001430511475]",91,True,False
1534,Purifying Flame,16,2,"[367649,367461,167602]",167602,367461,2,NORMAL,"[3.0,0.36000001430511475]",91,True,False
1540,Psychosis,0,0,[166967],166967,1540,5,NORMAL,"[3.0,0.33000001311302185]",83,True,False
1540,Psychosis,1,0,[167686],167686,1540,5,CRITICAL,"[3.75,0.4124999940395355]",104,False,True
1541,Lethargy,1,1,"[367638,166990]",166990,367638,5,NORMAL,"[5.0,0.6499999761581421]",164,True,False
1541,Lethargy,3,2,"[367638,367543,367544]",367544,367543,5,NORMAL,"[7.0,0.9100000262260437]",229,False,False
1541,Lethargy,4,2,"[367638,367543,367545]",367545,367543,5,NORMAL,"[2.0,0.25999999046325684]",65,False,False
1541,Lethargy,6,1,"[367639,167665]",167665,367639,5,CRITICAL,"[6.25,0.8125]",205,False,True
1541,Lethargy,8,2,"[367639,367546,367547]",367547,367546,5,CRITICAL,"[8.75,1.1375000476837158]",287,False,False
1541,Lethargy,9,2,"[367639,367546,367548]",367548,367546,5,CRITICAL,"[2.5,0.32499998807907104]",82,False,False
1542,Infected Flask,1,1,"[367536,367537]",367537,367536,5,NORMAL,"[4.0,0.4000000059604645]",102,True,False
1542,Infected Flask,4,1,"[367539,367540]",367540,367539,5,CRITICAL,"[5.0,0.5]",127,False,True
2008,Shovel of Judgment,1,1,"[384964,241983]",241983,384964,3,NORMAL,"[2.0,0.25999999046325684]",65,True,False
2008,Shovel of Judgment,3,2,"[384964,384965,384966]",384966,384965,3,NORMAL,"[2.0,0.25999999046325684]",65,True,False
2008,Shovel of Judgment,6,1,"[384968,384969]",384969,384968,3,CRITICAL,"[2.5,0.32499998807907104]",82,False,True
2008,Shovel of Judgment,8,2,"[384968,384970,384971]",384971,384970,3,CRITICAL,"[2.5,0.32499998807907104]",82,False,True
2010,Killer Spade,4,1,"[384980,241977]",241977,384980,3,NORMAL,"[3.0,0.36000001430511475]",91,True,False
2010,Killer Spade,9,1,"[384981,242378]",242378,384981,3,CRITICAL,"[3.75,0.44999998807907104]",113,False,False
2011,Shovel Kiss,6,0,[241993],241993,2011,3,NORMAL,"[4.0,0.47999998927116394]",121,True,False
2011,Shovel Kiss,7,0,[241995],241995,2011,3,CRITICAL,"[5.0,0.6000000238418579]",152,False,True
2012,Shady Shovel,3,3,"[384990,385952,384991,384992]",384992,384991,3,CRITICAL,"[5.0,0.6000000238418579]",152,False,True
2012,Shady Shovel,6,3,"[384990,385952,385953,385954]",385954,385953,3,CRITICAL,"[5.0,0.6000000238418579]",152,False,True
2012,Shady Shovel,9,2,"[384990,384994,384995]",384995,384994,3,CRITICAL,"[5.0,0.6000000238418579]",152,False,True
2012,Shady Shovel,15,3,"[384982,385946,384984,384989]",384989,384984,3,NORMAL,"[4.0,0.47999998927116394]",121,True,False
2012,Shady Shovel,18,3,"[384982,385946,385947,385948]",385948,385947,3,NORMAL,"[4.0,0.47999998927116394]",121,True,False
2012,Shady Shovel,21,2,"[384982,384986,384987]",384987,384986,3,NORMAL,"[4.0,0.47999998927116394]",121,True,False
2013,Shovel Shaker,0,0,[36828],36828,2013,3,NORMAL,"[6.0,0.6600000262260437]",167,True,False
2013,Shovel Shaker,1,0,[255073],255073,2013,3,CRITICAL,"[7.5,0.824999988079071]",209,False,True
2013,Shovel Shaker,6,2,"[386033,386034,386036]",386036,386034,3,NORMAL,"[2.0,0.2199999988079071]",55,False,False
2013,Shovel Shaker,11,2,"[386037,386038,386040]",386040,386038,3,CRITICAL,"[2.5,0.2750000059604645]",69,False,False
2014,Cutting,6,2,"[385319,385324,254917]",254917,385324,4,CRITICAL,"[12.0,2.049999952316284]",514,False,False
2014,Cutting,7,2,"[385319,385324,254918]",254918,385324,4,CRITICAL,"[3.75,0.5249999761581421]",132,False,True
2014,Cutting,15,2,"[254912,385318,254913]",254913,385318,4,NORMAL,"[12.0,1.6399999856948853]",413,False,False
2014,Cutting,16,2,"[254912,385318,254914]",254914,385318,4,NORMAL,"[3.0,0.41999998688697815]",105,True,False
2015,Rascalry,0,0,[159555],159555,2015,4,CRITICAL,"[2.5,0.2750000059604645]",69,False,True
2015,Rascalry,1,0,[36836],36836,2015,4,NORMAL,"[2.0,0.2199999988079071]",55,True,False
2016,Tax,0,0,[243408],243408,2016,4,NORMAL,"[4.0,0.47999998927116394]",121,True,False
2016,Tax,1,0,[243449],243449,2016,4,CRITICAL,"[5.0,0.6000000238418579]",152,False,True
2017,Refinement,1,1,"[385326,385330]",385330,385326,4,NORMAL,"[8.75,1.0499999523162842]",265,False,False
2017,Refinement,2,1,"[385326,241864]",241864,385326,4,NORMAL,"[7.0,0.8399999737739563]",212,True,False
2017,Refinement,4,1,"[385327,385328]",385328,385327,4,CRITICAL,"[9.6875,1.3125]",331,False,False
2017,Refinement,5,1,"[385327,241873]",241873,385327,4,CRITICAL,"[8.75,1.0499999523162842]",265,False,False
2018,Fusion,15,1,"[384923,384924]",384924,384923,2,NORMAL,"[4.0,0.4399999976158142]",111,True,False
2018,Fusion,31,1,"[384926,384927]",384927,384926,2,CRITICAL,"[5.0,0.550000011920929]",139,False,True
2019,Meteor,20,1,"[384870,384871]",384871,384870,2,NORMAL,"[3.0,0.33000001311302185]",83,True,False
2019,Meteor,41,1,"[384888,384889]",384889,384888,2,CRITICAL,"[3.75,0.4124999940395355]",104,False,True
2021,Ember,0,0,[384930],384930,2021,2,NORMAL,"[3.0,0.33000001311302185]",83,True,False
2021,Ember,1,0,[384931],384931,2021,2,CRITICAL,"[3.75,0.4124999940395355]",104,False,True
2022,Hot Magma,2,1,"[384915,242186]",242186,384915,2,NORMAL,"[6.0,0.6600000262260437]",167,True,False
2022,Hot Magma,4,2,"[384915,254904,384916]",384916,254904,2,NORMAL,"[4.0,0.4399999976158142]",111,False,False
2022,Hot Magma,9,1,"[384917,242349]",242349,384917,2,CRITICAL,"[7.5,0.824999988079071]",209,False,True
2022,Hot Magma,11,2,"[384917,384918,384919]",384919,384918,2,CRITICAL,"[5.0,0.550000011920929]",139,False,False
2032,Purge,2,2,"[384954,385304,385305]",385305,385304,4,CRITICAL,"[3.75,0.4124999940395355]",104,False,True
2032,Purge,10,2,"[384954,385309,385310]",385310,385309,4,CRITICAL,"[3.75,0.4124999940395355]",104,False,True
2032,Purge,16,2,"[384951,384952,384953]",384953,384952,4,NORMAL,"[3.0,0.33000001311302185]",83,True,False
2032,Purge,24,2,"[384951,385300,385301]",385301,385300,4,NORMAL,"[3.0,0.33000001311302185]",83,True,False
2037,Firedamp Explosion,0,0,[384912],384912,2037,2,CRITICAL,"[5.0,0.550000011920929]",139,False,True
2037,Firedamp Explosion,1,0,[384911],384911,2037,2,NORMAL,"[4.0,0.4399999976158142]",111,True,False
2041,Heads or Tails,1,1,"[367226,160720]",160720,367226,3,NORMAL,"[3.0,0.36000001430511475]",91,True,False
2041,Heads or Tails,4,1,"[367231,367232]",367232,367231,3,CRITICAL,"[3.75,0.44999998807907104]",113,False,False
2042,D-Six,0,0,[360675],360675,2042,2,NORMAL,"[7.0,0.9800000190734863]",247,True,False
2042,D-Six,1,0,[360676],360676,2042,2,CRITICAL,"[8.75,1.225000023841858]",308,False,True
2043,All or Nothing,2,2,"[160786,412844,412859]",412859,412844,3,NORMAL,"[3.0,0.38999998569488525]",98,True,False
2043,All or Nothing,3,2,"[160786,412844,165532]",165532,412844,3,NORMAL,"[3.0,0.38999998569488525]",98,True,False
2043,All or Nothing,4,1,"[160786,160779]",160779,160786,3,NORMAL,"[3.0,0.38999998569488525]",98,True,False
2043,All or Nothing,7,2,"[160790,412846,412861]",412861,412846,3,CRITICAL,"[3.75,0.48750001192092896]",123,False,True
2043,All or Nothing,8,2,"[160790,412846,165533]",165533,412846,3,CRITICAL,"[3.75,0.48750001192092896]",123,False,True
2043,All or Nothing,9,1,"[160790,160780]",160780,160790,3,CRITICAL,"[3.75,0.48750001192092896]",123,False,True
2043,All or Nothing,12,2,"[374309,412845,412860]",412860,412845,3,NORMAL,"[3.0,0.38999998569488525]",98,True,False
2043,All or Nothing,13,2,"[374309,412845,374311]",374311,412845,3,NORMAL,"[3.0,0.38999998569488525]",98,True,False
2043,All or Nothing,14,1,"[374309,374310]",374310,374309,3,NORMAL,"[3.0,0.38999998569488525]",98,True,False
2043,All or Nothing,17,2,"[374312,412847,412862]",412862,412847,3,CRITICAL,"[3.75,0.48750001192092896]",123,False,True
2043,All or Nothing,18,2,"[374312,412847,374314]",374314,412847,3,CRITICAL,"[3.75,0.48750001192092896]",123,False,True
2043,All or Nothing,19,1,"[374312,374313]",374313,374312,3,CRITICAL,"[3.75,0.48750001192092896]",123,False,True
2044,Three Cards,1,1,"[412877,160825]",160825,412877,3,NORMAL,"[0.0,1.0]",245,False,False
2044,Three Cards,2,1,"[412877,412878]",412878,412877,3,NORMAL,"[6.0,0.6600000262260437]",167,True,False
2044,Three Cards,4,1,"[412882,160826]",160826,412882,3,CRITICAL,"[0.0,1.0]",245,False,False
2044,Three Cards,5,1,"[412882,412883]",412883,412882,3,CRITICAL,"[7.5,0.824999988079071]",209,False,True
2045,Craps,0,0,[160428],160428,2045,2,NORMAL,"[2.0,0.23999999463558197]",60,True,False
2045,Craps,1,0,[160430],160430,2045,2,CRITICAL,"[2.5,0.30000001192092896]",76,False,True
2046,Yowling,1,1,"[382769,358348]",358348,382769,2,NORMAL,"[6.0,0.7799999713897705]",197,True,False
2046,Yowling,4,1,"[382775,358352]",358352,382775,2,CRITICAL,"[7.5,0.9750000238418579]",246,False,True
2047,All In,0,0,[358853],358853,2047,3,CRITICAL,"[1.25,0.09375]",24,False,True
2047,All In,1,0,[160748],160748,2047,3,NORMAL,"[1.0,0.07500000298023224]",19,True,False
2047,All In,4,2,"[360663,358854,358855]",358855,358854,3,CRITICAL,"[0.0,1.0]",245,False,False
2047,All In,11,2,"[360661,160766,160767]",160767,160766,3,NORMAL,"[0.0,1.0]",245,False,False
2048,Dice Roulette,0,0,[160543],160543,2048,2,NORMAL,"[4.0,0.47999998927116394]",121,True,False
2048,Dice Roulette,1,0,[162430],162430,2048,2,CRITICAL,"[5.0,0.6000000238418579]",152,False,True
2049,Battle,3,2,"[412833,412835,412866]",412866,412835,3,CRITICAL,"[6.25,0.8125]",205,False,True
2049,Battle,9,2,"[412833,412840,160771]",160771,412840,3,CRITICAL,"[6.25,0.8125]",205,False,True
2049,Battle,13,2,"[167839,162490,412865]",412865,162490,3,NORMAL,"[5.0,0.6499999761581421]",164,True,False
2049,Battle,19,2,"[167839,169494,160770]",160770,169494,3,NORMAL,"[5.0,0.6499999761581421]",164,True,False
2050,Loaded Dice,0,0,[367204],367204,2050,2,NORMAL,"[2.0,0.25999999046325684]",65,True,False
2050,Loaded Dice,1,0,[367207],367207,2050,2,CRITICAL,"[2.5,0.32499998807907104]",82,False,True
2050,Loaded Dice,2,0,[413751],413751,2050,2,CRITICAL,"[2.5,0.32499998807907104]",82,False,True
2050,Loaded Dice,3,0,[413750],413750,2050,2,NORMAL,"[2.0,0.25999999046325684]",65,True,False
2050,Loaded Dice,4,0,[160525],160525,2050,2,NORMAL,"[3.0,0.33000001311302185]",83,False,False
2050,Loaded Dice,5,0,[160528],160528,2050,2,CRITICAL,"[3.75,0.44999998807907104]",113,False,False
2065,Rough Tongue,2,1,"[160884,37386]",37386,160884,4,NORMAL,"[3.0,0.38999998569488525]",98,True,False
2065,Rough Tongue,9,1,"[160885,160913]",160913,160885,4,CRITICAL,"[3.75,0.48750001192092896]",123,False,True
2066,Up to Scratch,2,2,"[358569,358570,358571]",358571,358570,4,NORMAL,"[3.0,0.38999998569488525]",98,True,False
2066,Up to Scratch,8,2,"[358569,358574,358575]",358575,358574,4,NORMAL,"[3.0,0.38999998569488525]",98,True,False
2066,Up to Scratch,14,2,"[358569,358577,358578]",358578,358577,4,NORMAL,"[3.0,0.38999998569488525]",98,True,False
2066,Up to Scratch,21,2,"[358580,358581,358582]",358582,358581,4,CRITICAL,"[3.75,0.48750001192092896]",123,False,True
2066,Up to Scratch,27,2,"[358580,358584,358585]",358585,358584,4,CRITICAL,"[3.75,0.48750001192092896]",123,False,True
2066,Up to Scratch,33,2,"[358580,358587,358588]",358588,358587,4,CRITICAL,"[3.75,0.48750001192092896]",123,False,True
2072,Paws Off,3,1,"[358721,358724]",358724,358721,4,NORMAL,"[2.0,0.25999999046325684]",65,True,False
2072,Paws Off,11,1,"[358839,358842]",358842,358839,4,CRITICAL,"[2.5,0.32499998807907104]",82,False,True
2073,Fleeflee,17,1,"[358735,358738]",358738,358735,4,NORMAL,"[4.0,0.5600000023841858]",141,True,False
2073,Fleeflee,21,1,"[358781,358784]",358784,358781,4,CRITICAL,"[5.0,0.699999988079071]",176,False,True
4579,Scam,2,2,"[413616,413617,413618]",413618,413617,4,CRITICAL,"[2.5,0.32499998807907104]",82,False,True
4579,Scam,4,3,"[413616,413617,413619,413620]",413620,413619,4,CRITICAL,"[0.0,0.009999999776482582]",2,False,False
4579,Scam,10,4,"[413616,413621,413622,413623,413625]",413625,413623,4,CRITICAL,"[3.125,0.40625]",102,False,False
4579,Scam,12,5,"[413616,413621,413622,413623,413626,413627]",413627,413626,4,CRITICAL,"[0.0,0.009999999776482582]",2,False,False
4579,Scam,20,4,"[413616,413621,413622,413633,413635]",413635,413633,4,CRITICAL,"[3.75,0.48750001192092896]",123,False,False
4579,Scam,22,5,"[413616,413621,413622,413633,413636,413637]",413637,413636,4,CRITICAL,"[0.0,0.009999999776482582]",2,False,False
4579,Scam,30,4,"[413616,413621,413622,413643,413645]",413645,413643,4,CRITICAL,"[4.375,0.5687500238418579]",143,False,False
4579,Scam,32,5,"[413616,413621,413622,413643,413646,413647]",413647,413646,4,CRITICAL,"[0.0,0.009999999776482582]",2,False,False
4579,Scam,40,4,"[413616,413621,413622,413653,413655]",413655,413653,4,CRITICAL,"[5.0,0.6499999761581421]",164,False,False
4579,Scam,42,5,"[413616,413621,413622,413653,413656,413657]",413657,413656,4,CRITICAL,"[0.0,0.009999999776482582]",2,False,False
4579,Scam,49,2,"[413616,413621,413664]",413664,413621,4,CRITICAL,"[0.625,0.08124999701976776]",20,False,False
4579,Scam,52,2,"[413477,413478,413479]",413479,413478,4,NORMAL,"[2.0,0.25999999046325684]",65,True,False
4579,Scam,54,3,"[413477,413478,413480,413481]",413481,413480,4,NORMAL,"[0.0,0.009999999776482582]",2,False,False
4579,Scam,60,4,"[413477,413482,413483,413484,413486]",413486,413484,4,NORMAL,"[2.5,0.32499998807907104]",82,False,False
4579,Scam,62,5,"[413477,413482,413483,413484,413487,413488]",413488,413487,4,NORMAL,"[0.0,0.009999999776482582]",2,False,False
4579,Scam,70,4,"[413477,413482,413483,413494,413496]",413496,413494,4,NORMAL,"[3.0,0.38999998569488525]",98,False,False
4579,Scam,72,5,"[413477,413482,413483,413494,413497,413498]",413498,413497,4,NORMAL,"[0.0,0.009999999776482582]",2,False,False
4579,Scam,80,4,"[413477,413482,413483,413504,413506]",413506,413504,4,NORMAL,"[3.5,0.45500001311302185]",114,False,False
4579,Scam,82,5,"[413477,413482,413483,413504,413507,413508]",413508,413507,4,NORMAL,"[0.0,0.009999999776482582]",2,False,False
4579,Scam,90,4,"[413477,413482,413483,413514,413516]",413516,413514,4,NORMAL,"[4.0,0.5199999809265137]",131,False,False
4579,Scam,92,5,"[413477,413482,413483,413514,413517,413518]",413518,413517,4,NORMAL,"[0.0,0.009999999776482582]",2,False,False
4579,Scam,99,2,"[413477,413482,413525]",413525,413482,4,NORMAL,"[0.5,0.06499999761581421]",16,False,False
4581,Deadly Attack,2,2,"[409965,411507,120395]",120395,411507,4,NORMAL,"[5.0,0.6499999761581421]",164,True,False
4581,Deadly Attack,4,3,"[409965,411507,411508,411509]",411509,411508,4,NORMAL,"[0.0,0.009999999776482582]",2,False,False
4581,Deadly Attack,6,2,"[409965,411510,409875]",409875,411510,4,NORMAL,"[7.0,0.9100000262260437]",229,False,False
4581,Deadly Attack,8,3,"[409965,411510,411511,411512]",411512,411511,4,NORMAL,"[0.0,0.009999999776482582]",2,False,False
4581,Deadly Attack,11,2,"[409966,411513,121297]",121297,411513,4,CRITICAL,"[6.25,0.8125]",205,False,True
4581,Deadly Attack,13,3,"[409966,411513,411515,411516]",411516,411515,4,CRITICAL,"[0.0,0.009999999776482582]",2,False,False
4581,Deadly Attack,15,2,"[409966,411517,409876]",409876,411517,4,CRITICAL,"[8.75,1.1375000476837158]",287,False,False
4581,Deadly Attack,17,3,"[409966,411517,411519,411520]",411520,411519,4,CRITICAL,"[0.0,0.009999999776482582]",2,False,False
4583,Lethal Attack,5,1,"[409910,409915]",409915,409910,4,NORMAL,"[4.0,0.5600000023841858]",141,True,False
4583,Lethal Attack,7,2,"[409910,411497,411498]",411498,411497,4,NORMAL,"[0.0,0.009999999776482582]",2,False,False
4583,Lethal Attack,13,1,"[409916,409921]",409921,409916,4,CRITICAL,"[5.0,0.699999988079071]",176,False,True
4583,Lethal Attack,15,2,"[409916,411499,411500]",411500,411499,4,CRITICAL,"[0.0,0.009999999776482582]",2,False,False
4584,Kleptosram,2,2,"[411481,411482,120425]",120425,411482,4,NORMAL,"[2.0,0.25999999046325684]",65,True,False
4584,Kleptosram,4,3,"[411481,411482,411483,411484]",411484,411483,4,NORMAL,"[0.0,0.009999999776482582]",2,False,False
4584,Kleptosram,6,2,"[411481,409883,411032]",411032,409883,4,NORMAL,"[2.0,0.25999999046325684]",65,True,False
4584,Kleptosram,8,3,"[411481,409883,411485,411486]",411486,411485,4,NORMAL,"[0.0,0.009999999776482582]",2,False,False
4584,Kleptosram,12,2,"[411487,411488,121309]",121309,411488,4,CRITICAL,"[2.5,0.32499998807907104]",82,False,True
4584,Kleptosram,14,3,"[411487,411488,411489,411490]",411490,411489,4,CRITICAL,"[0.0,0.009999999776482582]",2,False,False
4584,Kleptosram,16,2,"[411487,409884,411033]",411033,409884,4,CRITICAL,"[2.5,0.32499998807907104]",82,False,True
4584,Kleptosram,18,3,"[411487,409884,411491,411492]",411492,411491,4,CRITICAL,"[0.0,0.009999999776482582]",2,False,False
4585,Perfidious Attack,3,1,"[411501,120439]",120439,411501,4,NORMAL,"[4.0,0.47999998927116394]",121,True,False
4585,Perfidious Attack,5,2,"[411501,411502,411503]",411503,411502,4,NORMAL,"[0.0,0.009999999776482582]",2,False,False
4585,Perfidious Attack,9,1,"[411504,130762]",130762,411504,4,CRITICAL,"[5.0,0.6000000238418579]",152,False,True
4585,Perfidious Attack,11,2,"[411504,411505,411506]",411506,411505,4,CRITICAL,"[0.0,0.009999999776482582]",2,False,False
4586,Execution,2,2,"[413436,413466,410367]",410367,413466,2,NORMAL,"[6.0,0.8399999737739563]",211,True,False
4586,Execution,4,3,"[413436,413466,413467,413468]",413468,413467,2,NORMAL,"[0.0,0.009999999776482582]",2,False,False
4586,Execution,10,4,"[413436,413451,410581,413437,413438]",413438,413437,2,NORMAL,"[7.5,1.0499999523162842]",264,False,False
4586,Execution,12,5,"[413436,413451,410581,413437,413469,413470]",413470,413469,2,NORMAL,"[0.0,0.009999999776482582]",2,False,False
4586,Execution,19,4,"[413436,413451,410581,413439,413441]",413441,413439,2,NORMAL,"[9.0,1.2599999904632568]",317,False,False
4586,Execution,21,5,"[413436,413451,410581,413439,413471,413472]",413472,413471,2,NORMAL,"[0.0,0.009999999776482582]",2,False,False
4586,Execution,28,4,"[413436,413451,410581,413443,413445]",413445,413443,2,NORMAL,"[10.5,1.4700000286102295]",370,False,False
4586,Execution,30,5,"[413436,413451,410581,413443,413473,413474]",413474,413473,2,NORMAL,"[0.0,0.009999999776482582]",2,False,False
4586,Execution,37,4,"[413436,413451,410581,413447,413449]",413449,413447,2,NORMAL,"[12.0,1.6799999475479126]",423,False,False
4586,Execution,39,5,"[413436,413451,410581,413447,413475,413476]",413476,413475,2,NORMAL,"[0.0,0.009999999776482582]",2,False,False
4586,Execution,45,2,"[413436,413451,413453]",413453,413451,2,NORMAL,"[1.5,0.20999999344348907]",52,False,False
4586,Execution,48,2,"[413571,413572,413573]",413573,413572,2,CRITICAL,"[7.5,1.0499999523162842]",264,False,True
4586,Execution,50,3,"[413571,413572,413574,413575]",413575,413574,2,CRITICAL,"[0.0,0.009999999776482582]",2,False,False
4586,Execution,56,4,"[413571,413576,413577,413578,413580]",413580,413578,2,CRITICAL,"[9.375,1.3125]",330,False,False
4586,Execution,58,5,"[413571,413576,413577,413578,413581,413582]",413582,413581,2,CRITICAL,"[0.0,0.009999999776482582]",2,False,False
4586,Execution,65,4,"[413571,413576,413577,413587,413589]",413589,413587,2,CRITICAL,"[11.25,1.5750000476837158]",397,False,False
4586,Execution,67,5,"[413571,413576,413577,413587,413590,413591]",413591,413590,2,CRITICAL,"[0.0,0.009999999776482582]",2,False,False
4586,Execution,74,4,"[413571,413576,413577,413596,413598]",413598,413596,2,CRITICAL,"[13.125,1.837499976158142]",463,False,False
4586,Execution,76,5,"[413571,413576,413577,413596,413599,413600]",413600,413599,2,CRITICAL,"[0.0,0.009999999776482582]",2,False,False
4586,Execution,83,4,"[413571,413576,413577,413605,413607]",413607,413605,2,CRITICAL,"[15.0,2.0999999046325684]",529,False,False
4586,Execution,85,5,"[413571,413576,413577,413605,413608,413609]",413609,413608,2,CRITICAL,"[0.0,0.009999999776482582]",2,False,False
4586,Execution,91,2,"[413571,413576,413615]",413615,413576,2,CRITICAL,"[1.875,0.26249998807907104]",66,False,False
4587,Bled Dry,3,1,"[120534,120535]",120535,120534,2,NORMAL,"[3.0,0.38999998569488525]",98,True,False
4587,Bled Dry,6,3,"[120534,411455,411456,411457]",411457,411456,2,NORMAL,"[0.0,0.009999999776482582]",2,False,False
4587,Bled Dry,12,1,"[121214,121215]",121215,121214,2,CRITICAL,"[3.75,0.48750001192092896]",123,False,True
4587,Bled Dry,15,3,"[121214,411459,411460,411461]",411461,411460,2,CRITICAL,"[0.0,0.009999999776482582]",2,False,False
4588,First Blood,5,1,"[409766,120545]",120545,409766,2,NORMAL,"[2.0,0.25999999046325684]",65,True,False
4588,First Blood,7,2,"[409766,411447,411448]",411448,411447,2,NORMAL,"[0.0,0.009999999776482582]",2,False,False
4588,First Blood,8,1,"[409766,411591]",411591,409766,2,NORMAL,"[2.0,0.23999999463558197]",60,False,False
4588,First Blood,14,1,"[409769,121211]",121211,409769,2,CRITICAL,"[2.5,0.32499998807907104]",82,False,True
4588,First Blood,16,2,"[409769,411449,411450]",411450,411449,2,CRITICAL,"[0.0,0.009999999776482582]",2,False,False
4588,First Blood,17,1,"[409769,411592]",411592,409769,2,CRITICAL,"[2.5,0.30000001192092896]",76,False,False
4589,Punishment,3,3,"[411463,411585,411464,120562]",120562,411464,2,NORMAL,"[4.0,0.5199999809265137]",131,True,False
4589,Punishment,5,4,"[411463,411585,411464,411465,411466]",411466,411465,2,NORMAL,"[0.0,0.009999999776482582]",2,False,False
4589,Punishment,7,3,"[411463,411585,411467,409962]",409962,411467,2,NORMAL,"[5.0,0.6499999761581421]",164,False,False
4589,Punishment,9,4,"[411463,411585,411467,411468,411469]",411469,411468,2,NORMAL,"[0.0,0.009999999776482582]",2,False,False
4589,Punishment,13,3,"[411470,411586,411471,409963]",409963,411471,2,CRITICAL,"[5.0,0.6499999761581421]",164,False,True
4589,Punishment,15,4,"[411470,411586,411471,411472,411473]",411473,411472,2,CRITICAL,"[0.0,0.009999999776482582]",2,False,False
4589,Punishment,17,3,"[411470,411586,411474,409964]",409964,411474,2,CRITICAL,"[6.25,0.8125]",205,False,False
4589,Punishment,19,4,"[411470,411586,411474,411475,411476]",411476,411475,2,CRITICAL,"[0.0,0.009999999776482582]",2,False,False
4590,Cold Blood,1,1,"[121166,120567]",120567,121166,2,NORMAL,"[2.0,0.2800000011920929]",70,True,False
4590,Cold Blood,3,2,"[121166,411451,411452]",411452,411451,2,NORMAL,"[0.0,0.009999999776482582]",2,False,False
4590,Cold Blood,10,1,"[121222,121226]",121226,121222,2,CRITICAL,"[2.5,0.3499999940395355]",88,False,True
4590,Cold Blood,12,2,"[121222,411453,411454]",411454,411453,2,CRITICAL,"[0.0,0.009999999776482582]",2,False,False
4592,Trauma,2,2,"[413526,413527,413528]",413528,413527,5,NORMAL,"[4.0,0.5600000023841858]",141,True,False
4592,Trauma,4,3,"[413526,413527,413529,413530]",413530,413529,5,NORMAL,"[0.0,0.009999999776482582]",2,False,False
4592,Trauma,10,4,"[413526,413531,413532,413533,413535]",413535,413533,5,NORMAL,"[5.0,0.699999988079071]",176,False,False
4592,Trauma,12,5,"[413526,413531,413532,413533,413536,413537]",413537,413536,5,NORMAL,"[0.0,0.009999999776482582]",2,False,False
4592,Trauma,19,4,"[413526,413531,413532,413542,413544]",413544,413542,5,NORMAL,"[6.0,0.8399999737739563]",211,False,False
4592,Trauma,21,5,"[413526,413531,413532,413542,413545,413546]",413546,413545,5,NORMAL,"[0.0,0.009999999776482582]",2,False,False
4592,Trauma,28,4,"[413526,413531,413532,413551,413553]",413553,413551,5,NORMAL,"[7.0,0.9800000190734863]",247,False,False
4592,Trauma,30,5,"[413526,413531,413532,413551,413554,413555]",413555,413554,5,NORMAL,"[0.0,0.009999999776482582]",2,False,False
4592,Trauma,37,4,"[413526,413531,413532,413560,413562]",413562,413560,5,NORMAL,"[8.0,1.1200000047683716]",282,False,False
4592,Trauma,39,5,"[413526,413531,413532,413560,413563,413564]",413564,413563,5,NORMAL,"[0.0,0.009999999776482582]",2,False,False
4592,Trauma,45,2,"[413526,413531,413570]",413570,413531,5,NORMAL,"[1.0,0.14000000059604645]",35,False,False
4592,Trauma,48,2,"[413665,413666,413667]",413667,413666,5,CRITICAL,"[5.0,0.699999988079071]",176,False,True
4592,Trauma,50,3,"[413665,413666,413668,413669]",413669,413668,5,CRITICAL,"[0.0,0.009999999776482582]",2,False,False
4592,Trauma,56,4,"[413665,413670,413671,413672,413674]",413674,413672,5,CRITICAL,"[6.25,0.875]",220,False,False
4592,Trauma,58,5,"[413665,413670,413671,413672,413675,413676]",413676,413675,5,CRITICAL,"[0.0,0.009999999776482582]",2,False,False
4592,Trauma,65,4,"[413665,413670,413671,413681,413683]",413683,413681,5,CRITICAL,"[7.5,1.0499999523162842]",264,False,False
4592,Trauma,67,5,"[413665,413670,413671,413681,413684,413685]",413685,413684,5,CRITICAL,"[0.0,0.009999999776482582]",2,False,False
4592,Trauma,74,4,"[413665,413670,413671,413690,413692]",413692,413690,5,CRITICAL,"[8.75,1.225000023841858]",308,False,False
4592,Trauma,76,5,"[413665,413670,413671,413690,413693,413694]",413694,413693,5,CRITICAL,"[0.0,0.009999999776482582]",2,False,False
4592,Trauma,83,4,"[413665,413670,413671,413699,413701]",413701,413699,5,CRITICAL,"[10.0,1.399999976158142]",352,False,False
4592,Trauma,85,5,"[413665,413670,413671,413699,413702,413703]",413703,413702,5,CRITICAL,"[0.0,0.009999999776482582]",2,False,False
4592,Trauma,91,2,"[413665,413670,413709]",413709,413670,5,CRITICAL,"[1.25,0.17499999701976776]",44,False,False
4593,Tricky Blow,1,1,"[185203,120597]",120597,185203,5,NORMAL,"[3.0,0.41999998688697815]",105,True,False
4593,Tricky Blow,3,2,"[185203,411537,411538]",411538,411537,5,NORMAL,"[0.0,0.009999999776482582]",2,False,False
4593,Tricky Blow,8,2,"[185203,410779,410780]",410780,410779,5,NORMAL,"[3.0,0.41999998688697815]",105,True,False
4593,Tricky Blow,10,3,"[185203,410779,411539,411540]",411540,411539,5,NORMAL,"[0.0,0.009999999776482582]",2,False,False
4593,Tricky Blow,13,1,"[185204,121246]",121246,185204,5,CRITICAL,"[3.75,0.5249999761581421]",132,False,True
4593,Tricky Blow,15,2,"[185204,411541,411542]",411542,411541,5,CRITICAL,"[0.0,0.009999999776482582]",2,False,False
4593,Tricky Blow,20,2,"[185204,410785,410786]",410786,410785,5,CRITICAL,"[3.75,0.5249999761581421]",132,False,True
4593,Tricky Blow,22,3,"[185204,410785,411543,411544]",411544,411543,5,CRITICAL,"[0.0,0.009999999776482582]",2,False,False
4594,Forceful Blow,5,2,"[409935,409936,409940]",409940,409936,5,NORMAL,"[2.0,0.2800000011920929]",70,False,False
4594,Forceful Blow,7,3,"[409935,409936,411521,411522]",411522,411521,5,NORMAL,"[0.0,0.009999999776482582]",2,False,False
4594,Forceful Blow,8,1,"[409935,120601]",120601,409935,5,NORMAL,"[4.0,0.5600000023841858]",141,True,False
4594,Forceful Blow,10,2,"[409935,411523,411524]",411524,411523,5,NORMAL,"[0.0,0.009999999776482582]",2,False,False
4594,Forceful Blow,17,2,"[409941,409942,409946]",409946,409942,5,CRITICAL,"[2.5,0.3499999940395355]",88,False,False
4594,Forceful Blow,19,3,"[409941,409942,411526,411527]",411527,411526,5,CRITICAL,"[0.0,0.009999999776482582]",2,False,False
4594,Forceful Blow,20,1,"[409941,121242]",121242,409941,5,CRITICAL,"[5.0,0.699999988079071]",176,False,True
4594,Forceful Blow,22,2,"[409941,411528,411529]",411529,411528,5,CRITICAL,"[0.0,0.009999999776482582]",2,False,False
4595,Wily,5,2,"[120607,411531,120613]",120613,411531,5,NORMAL,"[3.0,0.41999998688697815]",105,True,False
4595,Wily,7,3,"[120607,411531,411532,411533]",411533,411532,5,NORMAL,"[0.0,0.009999999776482582]",2,False,False
4595,Wily,13,2,"[121253,411534,121257]",121257,411534,5,CRITICAL,"[3.75,0.5249999761581421]",132,False,True
4595,Wily,15,3,"[121253,411534,411535,411536]",411536,411535,5,CRITICAL,"[0.0,0.009999999776482582]",2,False,False
4596,Fright,4,2,"[411552,411553,409900]",409900,411553,5,CRITICAL,"[3.75,0.44999998807907104]",113,False,False
4596,Fright,6,3,"[411552,411553,411554,411555]",411555,411554,5,CRITICAL,"[0.0,0.009999999776482582]",2,False,False
4596,Fright,8,2,"[411552,411556,410775]",410775,411556,5,CRITICAL,"[5.0,0.6000000238418579]",152,False,False
4596,Fright,10,3,"[411552,411556,411557,411558]",411558,411557,5,CRITICAL,"[0.0,0.009999999776482582]",2,False,False
4596,Fright,13,2,"[411545,411546,409898]",409898,411546,5,NORMAL,"[3.0,0.36000001430511475]",91,True,False
4596,Fright,15,3,"[411545,411546,411547,411548]",411548,411547,5,NORMAL,"[0.0,0.009999999776482582]",2,False,False
4596,Fright,17,2,"[411545,411549,410774]",410774,411549,5,NORMAL,"[4.0,0.47999998927116394]",121,False,False
4596,Fright,19,3,"[411545,411549,411550,411551]",411551,411550,5,NORMAL,"[0.0,0.009999999776482582]",2,False,False
4668,Ardent Aegis,2,2,"[346308,346309,346310]",346310,346309,3,NORMAL,"[4.0,0.4399999976158142]",111,True,False
4668,Ardent Aegis,19,2,"[346308,317054,317055]",317055,317054,3,NORMAL,"[4.0,0.4399999976158142]",111,True,False
4668,Ardent Aegis,37,2,"[346326,346327,346328]",346328,346327,3,CRITICAL,"[5.0,0.550000011920929]",139,False,True
4668,Ardent Aegis,54,2,"[346326,346344,346345]",346345,346344,3,CRITICAL,"[5.0,0.550000011920929]",139,False,True
4669,Deafening Targe,0,0,[351024],351024,4669,3,CRITICAL,"[3.75,0.44999998807907104]",113,False,False
4669,Deafening Targe,1,0,[351020],351020,4669,3,NORMAL,"[3.0,0.36000001430511475]",91,True,False
4670,Earthquake,2,1,"[351723,146618]",146618,351723,3,CRITICAL,"[5.0,0.550000011920929]",139,False,True
4670,Earthquake,5,1,"[351722,144612]",144612,351722,3,NORMAL,"[4.0,0.4399999976158142]",111,True,False
4671,Hiding,4,4,"[352833,346373,346377,346379,346380]",346380,346379,3,NORMAL,"[3.0,0.38999998569488525]",98,True,False
4671,Hiding,7,3,"[352833,346373,346378,346382]",346382,346378,3,NORMAL,"[4.0,0.5199999809265137]",131,False,False
4671,Hiding,8,1,"[352833,346371]",346371,352833,3,NORMAL,"[3.0,0.38999998569488525]",98,True,False
4671,Hiding,13,4,"[352834,346384,346385,346386,346387]",346387,346386,3,CRITICAL,"[3.75,0.48750001192092896]",123,False,True
4671,Hiding,16,3,"[352834,346384,346389,346390]",346390,346389,3,CRITICAL,"[5.0,0.6499999761581421]",164,False,False
4671,Hiding,17,1,"[352834,346383]",346383,352834,3,CRITICAL,"[3.75,0.48750001192092896]",123,False,True
4680,Whirlwind,3,2,"[145100,145101,145106]",145106,145101,4,NORMAL,"[2.0,0.23999999463558197]",60,True,False
4680,Whirlwind,14,2,"[145100,346285,346291]",346291,346285,4,NORMAL,"[2.0,0.23999999463558197]",60,True,False
4680,Whirlwind,20,2,"[346292,346293,346295]",346295,346293,4,CRITICAL,"[2.5,0.30000001192092896]",76,False,True
4680,Whirlwind,31,2,"[346292,346299,346305]",346305,346299,4,CRITICAL,"[2.5,0.30000001192092896]",76,False,True
4685,Incandescence,2,1,"[179824,179827]",179827,179824,1083,CRITICAL,"[3.75,0.44999998807907104]",113,False,False
4685,Incandescence,3,1,"[179824,179829]",179829,179824,1083,CRITICAL,"[7.5,0.8999999761581421]",227,False,False
4685,Incandescence,7,1,"[160487,160491]",160491,160487,1083,NORMAL,"[3.0,0.36000001430511475]",91,True,False
4685,Incandescence,8,1,"[160487,160493]",160493,160487,1083,NORMAL,"[6.0,0.7200000286102295]",182,False,False
4691,Wakmeha,1,1,"[145280,145244]",145244,145280,4,NORMAL,"[4.0,0.5199999809265137]",131,True,False
4691,Wakmeha,2,1,"[145280,145281]",145281,145280,4,NORMAL,"[1.0,0.12999999523162842]",32,False,False
4691,Wakmeha,4,1,"[146580,146581]",146581,146580,4,CRITICAL,"[5.0,0.6499999761581421]",164,False,True
4691,Wakmeha,5,1,"[146580,146582]",146582,146580,4,CRITICAL,"[1.25,0.16249999403953552]",41,False,False
4691,Wakmeha,14,1,"[316270,316280]",316280,316270,4,CRITICAL,"[5.0,0.550000011920929]",139,False,False
4691,Wakmeha,23,1,"[316104,316278]",316278,316104,4,NORMAL,"[4.0,0.4399999976158142]",111,False,False
4692,Pulsation,2,2,"[350976,395882,145248]",145248,395882,4,NORMAL,"[2.0,0.23999999463558197]",60,False,False
4692,Pulsation,3,2,"[350976,395882,350977]",350977,395882,4,NORMAL,"[3.0,0.36000001430511475]",91,True,False
4692,Pulsation,9,2,"[350980,395886,350981]",350981,395886,4,CRITICAL,"[2.5,0.30000001192092896]",76,False,False
4692,Pulsation,10,2,"[350980,395886,350982]",350982,395886,4,CRITICAL,"[3.75,0.44999998807907104]",113,False,False
4693,Flood,6,1,"[179769,352828]",352828,179769,4,CRITICAL,"[3.75,0.5249999761581421]",132,False,True
4693,Flood,10,1,"[179751,352827]",352827,179751,4,NORMAL,"[3.0,0.41999998688697815]",105,True,False
4693,Flood,27,1,"[349583,179774]",179774,349583,4,CRITICAL,"[3.75,0.5249999761581421]",132,False,True
4693,Flood,44,1,"[349568,145249]",145249,349568,4,NORMAL,"[3.0,0.41999998688697815]",105,True,False
4694,Cataclysm,11,4,"[350993,350994,179679,179680,179685]",179685,179680,4,NORMAL,"[7.0,0.7699999809265137]",195,True,False
4694,Cataclysm,15,2,"[350993,350995,351000]",351000,350995,4,NORMAL,"[7.0,0.9800000190734863]",247,False,False
4694,Cataclysm,27,4,"[351015,351016,179686,179687,179693]",179693,179687,4,CRITICAL,"[8.75,0.9624999761581421]",244,False,True
4694,Cataclysm,31,2,"[351015,351017,351018]",351018,351017,4,CRITICAL,"[8.75,1.225000023841858]",308,False,False
4695,Clash,7,1,"[145284,145270]",145270,145284,3,NORMAL,"[4.0,0.47999998927116394]",121,True,False
4695,Clash,9,1,"[346367,346368]",346368,346367,3,CRITICAL,"[5.0,0.6000000238418579]",152,False,True
4695,Clash,11,1,"[346365,346366]",346366,346365,3,NORMAL,"[4.0,0.47999998927116394]",121,True,False
4695,Clash,13,1,"[346369,346370]",346370,346369,3,CRITICAL,"[5.0,0.6000000238418579]",152,False,True
4697,Torrential Flux,10,2,"[395929,395926,145293]",145293,395926,5,NORMAL,"[4.0,0.4000000059604645]",102,True,False
4697,Torrential Flux,24,2,"[395929,395911,395912]",395912,395911,5,NORMAL,"[5.0,0.6499999761581421]",164,False,False
4697,Torrential Flux,32,2,"[395930,395927,146552]",146552,395927,5,CRITICAL,"[5.0,0.5]",127,False,True
4697,Torrential Flux,46,2,"[395930,395920,395921]",395921,395920,5,CRITICAL,"[6.25,0.8125]",205,False,False
4698,Siphon,0,0,[145297],145297,4698,5,NORMAL,"[2.0,0.30000001192092896]",75,True,False
4698,Siphon,1,0,[346396],346396,4698,5,CRITICAL,"[2.5,0.375]",94,False,True
4699,Ethereal Burst,0,0,[145307],145307,4699,5,NORMAL,"[3.0,0.41999998688697815]",105,True,False
4699,Ethereal Burst,1,0,[346402],346402,4699,5,CRITICAL,"[3.75,0.5249999761581421]",132,False,True
4700,Tempest,1,1,"[351051,351052]",351052,351051,5,CRITICAL,"[6.25,0.8125]",205,False,True
4700,Tempest,7,4,"[351051,351053,351054,351056,351057]",351057,351056,5,CRITICAL,"[6.25,0.8125]",205,False,True
4700,Tempest,14,1,"[145311,145313]",145313,145311,5,NORMAL,"[5.0,0.6499999761581421]",164,True,False
4700,Tempest,20,4,"[145311,316295,316296,351037,316298]",316298,351037,5,NORMAL,"[5.0,0.6499999761581421]",164,True,False
4701,Unleashed Blade,1,1,"[318737,145328]",145328,318737,5,NORMAL,"[7.0,0.9800000190734863]",247,False,False
4701,Unleashed Blade,2,1,"[318737,145321]",145321,318737,5,NORMAL,"[5.0,0.699999988079071]",176,True,False
4701,Unleashed Blade,4,1,"[351660,351662]",351662,351660,5,CRITICAL,"[8.75,1.225000023841858]",308,False,False
4701,Unleashed Blade,5,1,"[351660,351661]",351661,351660,5,CRITICAL,"[6.25,0.875]",220,False,True
4702,Flaming Burp,5,1,"[145685,145419]",145419,145685,2,NORMAL,"[2.0,0.23999999463558197]",60,True,False
4702,Flaming Burp,12,1,"[146226,146227]",146227,146226,2,CRITICAL,"[2.5,0.30000001192092896]",76,False,True
4703,Light My Fire,3,2,"[147343,147344,147351]",147351,147344,2,NORMAL,"[3.0,0.30000001192092896]",76,False,False
4703,Light My Fire,8,2,"[147343,147346,147348]",147348,147346,2,NORMAL,"[3.0,0.38999998569488525]",98,False,False
4703,Light My Fire,13,2,"[159992,159993,159996]",159996,159993,2,CRITICAL,"[3.75,0.375]",95,False,False
4703,Light My Fire,18,2,"[159992,159999,160000]",160000,159999,2,CRITICAL,"[3.75,0.48750001192092896]",123,False,False
4703,Light My Fire,26,2,"[417102,417103,417104]",417104,417103,2,NORMAL,"[3.0,0.33000001311302185]",83,True,False
4703,Light My Fire,31,2,"[417114,417115,417116]",417116,417115,2,CRITICAL,"[3.75,0.41749998927116394]",106,False,True
4704,Dairy Springer,0,0,[145443],145443,4704,2,NORMAL,"[2.0,0.25999999046325684]",65,True,False
4704,Dairy Springer,1,0,[146710],146710,4704,2,CRITICAL,"[2.5,0.32499998807907104]",82,False,True
4705,Explosive Flask,4,3,"[148504,417396,417397,417398]",417398,417397,2,CRITICAL,"[5.0,0.6000000238418579]",152,False,True
4705,Explosive Flask,5,2,"[148504,417396,417399]",417399,417396,2,CRITICAL,"[5.0,0.6000000238418579]",152,False,True
4705,Explosive Flask,15,2,"[148504,417400,417404]",417404,417400,2,CRITICAL,"[5.0,0.6000000238418579]",152,False,True
4705,Explosive Flask,20,3,"[145684,146742,417393,145453]",145453,417393,2,NORMAL,"[4.0,0.47999998927116394]",121,True,False
4705,Explosive Flask,21,2,"[145684,146742,417394]",417394,146742,2,NORMAL,"[4.0,0.47999998927116394]",121,True,False
4705,Explosive Flask,31,2,"[145684,146351,146822]",146822,146351,2,NORMAL,"[4.0,0.47999998927116394]",121,True,False
4706,Milking It,2,2,"[146444,417125,417126]",417126,417125,2,NORMAL,"[5.0,0.550000011920929]",139,True,False
4706,Milking It,4,3,"[146444,417125,417127,417128]",417128,417127,2,NORMAL,"[7.0,0.7699999809265137]",195,False,False
4706,Milking It,9,2,"[417130,417131,417132]",417132,417131,2,CRITICAL,"[6.25,0.6875]",174,False,True
4706,Milking It,11,3,"[417130,417131,417133,417134]",417134,417133,2,CRITICAL,"[8.75,0.9624999761581421]",244,False,False
4707,Milky Breath,3,3,"[417225,417226,417227,417228]",417228,417227,4,CRITICAL,"[2.5,0.32499998807907104]",82,False,True
4707,Milky Breath,20,3,"[145961,146412,417221,145965]",145965,417221,4,NORMAL,"[2.0,0.25999999046325684]",65,True,False
4708,Splash of Milk,13,2,"[146963,146971,146973]",146973,146971,4,CRITICAL,"[5.0,0.699999988079071]",176,False,True
4708,Splash of Milk,15,3,"[146963,146971,417241,417242]",417242,417241,4,CRITICAL,"[5.0,0.699999988079071]",176,False,True
4708,Splash of Milk,30,2,"[145969,145973,145974]",145974,145973,4,NORMAL,"[4.0,0.5600000023841858]",141,True,False
4708,Splash of Milk,32,3,"[145969,145973,417237,417238]",417238,417237,4,NORMAL,"[4.0,0.5600000023841858]",141,True,False
4709,Bubble Trouble,4,3,"[417271,417259,417260,417262]",417262,417260,4,CRITICAL,"[3.75,0.4124999940395355]",104,False,True
4709,Bubble Trouble,10,3,"[417271,417259,417265,417267]",417267,417265,4,CRITICAL,"[3.75,0.4124999940395355]",104,False,True
4709,Bubble Trouble,18,3,"[417271,417272,417273,417275]",417275,417273,4,CRITICAL,"[3.75,0.4124999940395355]",104,False,True
4709,Bubble Trouble,22,3,"[417271,417272,417277,417279]",417279,417277,4,CRITICAL,"[3.75,0.4124999940395355]",104,False,True
4709,Bubble Trouble,29,3,"[417248,290623,290624,417244]",417244,290624,4,NORMAL,"[3.0,0.33000001311302185]",83,True,False
4709,Bubble Trouble,35,3,"[417248,290623,290627,417246]",417246,290627,4,NORMAL,"[3.0,0.33000001311302185]",83,True,False
4709,Bubble Trouble,43,3,"[417248,417249,417250,417252]",417252,417250,4,NORMAL,"[3.0,0.33000001311302185]",83,True,False
4709,Bubble Trouble,47,3,"[417248,417249,417254,417256]",417256,417254,4,NORMAL,"[3.0,0.33000001311302185]",83,True,False
4710,Milk Wave,2,2,"[145987,417287,417288]",417288,417287,4,NORMAL,"[10.5,1.4700000286102295]",370,False,False
4710,Milk Wave,8,2,"[145987,417293,417294]",417294,417293,4,NORMAL,"[7.0,0.9800000190734863]",247,True,False
4710,Milk Wave,12,2,"[417296,417297,417298]",417298,417297,4,CRITICAL,"[13.125,1.837499976158142]",463,False,False
4710,Milk Wave,18,2,"[417296,417303,417304]",417304,417303,4,CRITICAL,"[8.75,1.225000023841858]",308,False,True
4711,Milk Fountain,5,3,"[146013,146014,417185,146015]",146015,417185,4,NORMAL,"[5.0,0.6000000238418579]",152,True,False
4711,Milk Fountain,12,3,"[146013,146017,417189,417190]",417190,417189,4,NORMAL,"[5.0,0.6000000238418579]",152,True,False
4711,Milk Fountain,21,3,"[417196,417197,417200,417201]",417201,417200,4,CRITICAL,"[6.25,0.75]",190,False,True
4711,Milk Fountain,28,3,"[417196,417205,417207,417208]",417208,417207,4,CRITICAL,"[6.25,0.75]",190,False,True
4712,Triple Whammy,1,1,"[417320,145861]",145861,417320,3,NORMAL,"[2.0,0.20000000298023224]",51,True,False
4712,Triple Whammy,8,1,"[417322,146297]",146297,417322,3,CRITICAL,"[2.5,0.25]",63,False,True
4713,Six Roses,32,4,"[417340,417702,417703,417595,145866]",145866,417595,3,NORMAL,"[0.0,1.0]",245,False,False
4713,Six Roses,36,3,"[417340,417702,417704,417705]",417705,417704,3,NORMAL,"[5.199999809265137,0.6240000128746033]",158,False,False
4713,Six Roses,45,4,"[417597,417707,417708,417598,417599]",417599,417598,3,CRITICAL,"[0.0,1.0]",245,False,False
4713,Six Roses,49,3,"[417597,417707,417709,417710]",417710,417709,3,CRITICAL,"[6.5,0.7799999713897705]",197,False,False
4714,Barrel Blow,3,2,"[417448,417449,145874]",145874,417449,3,NORMAL,"[3.0,0.38999998569488525]",98,True,False
4714,Barrel Blow,8,2,"[417451,417453,417454]",417454,417453,3,CRITICAL,"[3.75,0.48750001192092896]",123,False,True
4715,Lactic Acid,5,4,"[146418,146424,417712,417605,146436]",146436,417605,3,NORMAL,"[0.0,1.0]",245,False,False
4715,Lactic Acid,6,3,"[146418,146424,417712,417713]",417713,417712,3,NORMAL,"[5.199999809265137,0.5720000267028809]",145,False,False
4715,Lactic Acid,13,4,"[146418,146425,417714,417606,146435]",146435,417606,3,NORMAL,"[0.0,1.0]",245,False,False
4715,Lactic Acid,14,3,"[146418,146425,417714,417715]",417715,417714,3,NORMAL,"[5.199999809265137,0.5720000267028809]",145,False,False
4715,Lactic Acid,20,4,"[147374,147375,417716,417607,147377]",147377,417607,3,CRITICAL,"[0.0,1.0]",245,False,False
4715,Lactic Acid,21,3,"[147374,147375,417716,417717]",417717,417716,3,CRITICAL,"[6.5,0.7149999737739563]",181,False,False
4715,Lactic Acid,28,4,"[147374,147380,417718,417608,168800]",168800,417608,3,CRITICAL,"[0.0,1.0]",245,False,False
4715,Lactic Acid,29,3,"[147374,147380,417718,417719]",417719,417718,3,CRITICAL,"[6.5,0.7149999737739563]",181,False,False
4716,Blisskrieg,2,2,"[417366,417367,417368]",417368,417367,3,CRITICAL,"[8.75,0.875]",223,False,True
4716,Blisskrieg,3,2,"[417366,417367,417369]",417369,417367,3,CRITICAL,"[8.75,0.875]",223,False,True
4716,Blisskrieg,11,2,"[145892,145894,145895]",145895,145894,3,NORMAL,"[7.0,0.699999988079071]",178,True,False
4716,Blisskrieg,12,2,"[145892,145894,145896]",145896,145894,3,NORMAL,"[7.0,0.699999988079071]",178,True,False
4769,Blazing Arrow,10,3,"[348978,348979,349895,349903]",349903,349895,2,NORMAL,"[2.0,0.23999999463558197]",60,True,False
4769,Blazing Arrow,23,3,"[348978,348980,349881,349888]",349888,349881,2,NORMAL,"[2.0,0.23999999463558197]",60,True,False
4769,Blazing Arrow,37,3,"[351077,351078,351079,351087]",351087,351079,2,CRITICAL,"[2.5,0.30000001192092896]",76,False,True
4769,Blazing Arrow,50,3,"[351077,351091,351092,351100]",351100,351092,2,CRITICAL,"[2.5,0.30000001192092896]",76,False,True
4775,Thunderbolt,1,1,"[402300,149450]",149450,402300,2,NORMAL,"[3.0,0.33000001311302185]",83,True,False
4775,Thunderbolt,2,1,"[402300,398197]",398197,402300,2,NORMAL,"[3.0,0.33000001311302185]",83,True,False
4775,Thunderbolt,5,3,"[402300,397608,397609,397610]",397610,397609,2,NORMAL,"[3.0,0.33000001311302185]",83,True,False
4775,Thunderbolt,8,3,"[402300,397608,398250,398251]",398251,398250,2,NORMAL,"[3.0,0.33000001311302185]",83,True,False
4775,Thunderbolt,12,1,"[402301,151630]",151630,402301,2,CRITICAL,"[3.75,0.4124999940395355]",104,False,True
4775,Thunderbolt,13,1,"[402301,398198]",398198,402301,2,CRITICAL,"[3.75,0.4124999940395355]",104,False,True
4775,Thunderbolt,16,3,"[402301,397613,397614,397615]",397615,397614,2,CRITICAL,"[3.75,0.4124999940395355]",104,False,True
4775,Thunderbolt,19,3,"[402301,397613,398253,398254]",398254,398253,2,CRITICAL,"[3.75,0.4124999940395355]",104,False,True
4776,Judgment,0,0,[149454],149454,4776,2,NORMAL,"[1.0,0.11999999731779099]",30,True,False
4776,Judgment,1,0,[151637],151637,4776,2,CRITICAL,"[1.25,0.15000000596046448]",38,False,True
4776,Judgment,2,0,[398203],398203,4776,2,NORMAL,"[1.0,0.11999999731779099]",30,True,False
4776,Judgment,3,0,[398204],398204,4776,2,CRITICAL,"[1.25,0.15000000596046448]",38,False,True
4777,Super Iop Punch,14,4,"[151836,402307,411339,397906,397907]",397907,397906,2,CRITICAL,"[0.0,1.0]",245,False,False
4777,Super Iop Punch,15,4,"[151836,402307,411339,397906,398201]",398201,397906,2,CRITICAL,"[0.0,1.0]",245,False,False
4777,Super Iop Punch,17,3,"[151836,402307,409682,397905]",397905,409682,2,CRITICAL,"[5.0,0.699999988079071]",176,False,True
4777,Super Iop Punch,18,3,"[151836,402307,409682,398202]",398202,409682,2,CRITICAL,"[5.0,0.699999988079071]",176,False,True
4777,Super Iop Punch,35,4,"[151818,402306,411338,151821,151824]",151824,151821,2,NORMAL,"[0.0,1.0]",245,False,False
4777,Super Iop Punch,36,4,"[151818,402306,411338,151821,398200]",398200,151821,2,NORMAL,"[0.0,1.0]",245,False,False
4777,Super Iop Punch,38,3,"[151818,402306,409681,397902]",397902,409681,2,NORMAL,"[4.0,0.5600000023841858]",141,True,False
4777,Super Iop Punch,39,3,"[151818,402306,409681,398199]",398199,409681,2,NORMAL,"[4.0,0.5600000023841858]",141,True,False
4778,Celestial Sword,1,1,"[151572,151573]",151573,151572,2,NORMAL,"[2.5,0.32499998807907104]",82,False,False
4778,Celestial Sword,2,1,"[151572,397241]",397241,151572,2,NORMAL,"[2.0,0.25999999046325684]",65,True,False
4778,Celestial Sword,3,1,"[151572,398193]",398193,151572,2,NORMAL,"[2.5,0.32499998807907104]",82,False,False
4778,Celestial Sword,4,1,"[151572,398194]",398194,151572,2,NORMAL,"[2.0,0.25999999046325684]",65,True,False
4778,Celestial Sword,6,1,"[151633,151634]",151634,151633,2,CRITICAL,"[3.125,0.4000000059604645]",101,False,False
4778,Celestial Sword,7,1,"[151633,397242]",397242,151633,2,CRITICAL,"[2.5,0.32499998807907104]",82,False,True
4778,Celestial Sword,8,1,"[151633,398195]",398195,151633,2,CRITICAL,"[3.125,0.32499998807907104]",82,False,False
4778,Celestial Sword,9,1,"[151633,398196]",398196,151633,2,CRITICAL,"[2.5,0.32499998807907104]",82,False,True
4779,Iop's Wrath,2,1,"[402303,150190]",150190,402303,2,NORMAL,"[6.0,0.7200000286102295]",182,True,False
4779,Iop's Wrath,3,1,"[402303,398205]",398205,402303,2,NORMAL,"[6.0,0.7200000286102295]",182,True,False
4779,Iop's Wrath,7,1,"[402304,151815]",151815,402304,2,CRITICAL,"[7.5,0.8999999761581421]",227,False,False
4779,Iop's Wrath,8,1,"[402304,398206]",398206,402304,2,CRITICAL,"[8.75,1.0499999523162842]",265,False,False
4780,Shaker,0,0,[149472],149472,4780,3,NORMAL,"[2.0,0.2800000011920929]",70,True,False
4780,Shaker,1,0,[151640],151640,4780,3,CRITICAL,"[2.5,0.3499999940395355]",88,False,True
4780,Shaker,2,0,[398207],398207,4780,3,NORMAL,"[2.0,0.2800000011920929]",70,True,False
4780,Shaker,3,0,[398208],398208,4780,3,CRITICAL,"[2.5,0.3499999940395355]",88,False,True
4781,Rocknoceros,13,4,"[397255,409683,411340,397929,397930]",397930,397929,3,NORMAL,"[0.0,1.0]",245,False,False
4781,Rocknoceros,14,4,"[397255,409683,411340,397929,398519]",398519,397929,3,NORMAL,"[0.0,1.0]",245,False,False
4781,Rocknoceros,16,3,"[397255,409683,409684,149474]",149474,409684,3,NORMAL,"[4.0,0.47999998927116394]",121,True,False
4781,Rocknoceros,17,3,"[397255,409683,409684,398209]",398209,409684,3,NORMAL,"[4.0,0.47999998927116394]",121,True,False
4781,Rocknoceros,31,4,"[397261,409685,411341,397931,397932]",397932,397931,3,CRITICAL,"[0.0,1.0]",245,False,False
4781,Rocknoceros,32,4,"[397261,409685,411341,397931,398520]",398520,397931,3,CRITICAL,"[0.0,1.0]",245,False,False
4781,Rocknoceros,34,3,"[397261,409685,409686,151655]",151655,409686,3,CRITICAL,"[5.0,0.6000000238418579]",152,False,True
4781,Rocknoceros,35,3,"[397261,409685,409686,398210]",398210,409686,3,CRITICAL,"[5.0,0.6000000238418579]",152,False,True
4782,Cleaver,2,2,"[397281,397282,149480]",149480,397282,3,NORMAL,"[2.0,0.2199999988079071]",55,True,False
4782,Cleaver,3,2,"[397281,397282,398211]",398211,397282,3,NORMAL,"[2.0,0.2199999988079071]",55,True,False
4782,Cleaver,6,4,"[397281,397282,397625,397626,397627]",397627,397626,3,NORMAL,"[2.0,0.2199999988079071]",55,True,False
4782,Cleaver,9,4,"[397281,397282,397625,398212,398213]",398213,398212,3,NORMAL,"[2.0,0.2199999988079071]",55,True,False
4782,Cleaver,19,2,"[397269,397278,151672]",151672,397278,3,CRITICAL,"[2.5,0.2750000059604645]",69,False,True
4782,Cleaver,20,2,"[397269,397278,398215]",398215,397278,3,CRITICAL,"[2.049999952316284,0.2750000059604645]",69,False,False
4782,Cleaver,23,4,"[397269,397278,397630,397631,397632]",397632,397631,3,CRITICAL,"[2.5,0.2750000059604645]",69,False,True
4782,Cleaver,26,4,"[397269,397278,397630,398216,398217]",398217,398216,3,CRITICAL,"[2.5,0.2750000059604645]",69,False,True
4783,Charge,5,4,"[397289,397290,397291,152239,149486]",149486,152239,3,NORMAL,"[1.0,0.11999999731779099]",30,True,False
4783,Charge,8,4,"[397289,397290,397291,152240,159256]",159256,152240,3,NORMAL,"[1.5,0.18000000715255737]",45,False,False
4783,Charge,18,4,"[397289,397293,397294,397295,397296]",397296,397295,3,NORMAL,"[2.0,0.23999999463558197]",60,False,False
4783,Charge,21,4,"[397289,397293,397294,397298,397299]",397299,397298,3,NORMAL,"[3.0,0.36000001430511475]",91,False,False
4783,Charge,35,4,"[397289,397303,397305,397306,397307]",397307,397306,3,NORMAL,"[3.0,0.36000001430511475]",91,False,False
4783,Charge,38,6,"[397289,397303,397305,397306,397635,397636,397637]",397637,397636,3,NORMAL,"[3.0,0.36000001430511475]",91,False,False
4783,Charge,42,4,"[397289,397303,397305,397309,397310]",397310,397309,3,NORMAL,"[4.5,0.5400000214576721]",136,False,False
4783,Charge,45,6,"[397289,397303,397305,397309,397640,397641,397642]",397642,397641,3,NORMAL,"[4.5,0.5400000214576721]",136,False,False
4783,Charge,64,7,"[397289,397314,397316,397317,409687,411342,397933,397934]",397934,397933,3,NORMAL,"[0.0,1.0]",245,False,False
4783,Charge,65,5,"[397289,397314,397316,397317,409687,397318]",397318,409687,3,NORMAL,"[4.0,0.47999998927116394]",121,False,False
4783,Charge,75,7,"[397289,397314,397316,397320,409688,411343,397935,397936]",397936,397935,3,NORMAL,"[0.0,1.0]",245,False,False
4783,Charge,76,5,"[397289,397314,397316,397320,409688,397321]",397321,409688,3,NORMAL,"[6.0,0.7200000286102295]",182,False,False
4783,Charge,88,4,"[397325,397326,397327,397328,397329]",397329,397328,3,CRITICAL,"[1.25,0.15000000596046448]",38,False,True
4783,Charge,91,4,"[397325,397326,397327,397331,397332]",397332,397331,3,CRITICAL,"[1.875,0.22499999403953552]",56,False,False
4783,Charge,101,4,"[397325,397336,397338,397339,397340]",397340,397339,3,CRITICAL,"[2.5,0.30000001192092896]",76,False,False
4783,Charge,104,4,"[397325,397336,397338,397342,397343]",397343,397342,3,CRITICAL,"[3.75,0.44999998807907104]",113,False,False
4783,Charge,118,4,"[397325,397347,397349,397350,397351]",397351,397350,3,CRITICAL,"[3.75,0.44999998807907104]",113,False,False
4783,Charge,121,6,"[397325,397347,397349,397350,397645,397646,397647]",397647,397646,3,CRITICAL,"[3.0,0.36000001430511475]",91,False,False
4783,Charge,125,4,"[397325,397347,397349,397353,397354]",397354,397353,3,CRITICAL,"[5.625,0.675000011920929]",171,False,False
4783,Charge,128,6,"[397325,397347,397349,397353,397650,397651,397652]",397652,397651,3,CRITICAL,"[5.625,0.675000011920929]",171,False,False
4783,Charge,147,7,"[397325,397358,397360,397361,409689,411344,397937,397938]",397938,397937,3,CRITICAL,"[0.0,1.0]",245,False,False
4783,Charge,148,5,"[397325,397358,397360,397361,409689,397362]",397362,409689,3,CRITICAL,"[5.0,0.6000000238418579]",152,False,False
4783,Charge,158,7,"[397325,397358,397360,397364,409690,411345,397939,397940]",397940,397939,3,CRITICAL,"[0.0,1.0]",245,False,False
4783,Charge,159,5,"[397325,397358,397360,397364,409690,397365]",397365,409690,3,CRITICAL,"[7.5,0.8999999761581421]",227,False,False
4784,Devastate,12,2,"[397371,398388,152202]",152202,398388,3,NORMAL,"[5.0,0.6499999761581421]",164,True,False
4784,Devastate,20,2,"[397373,398394,397374]",397374,398394,3,CRITICAL,"[6.25,0.8125]",205,False,True
4785,Jabs,0,0,[149498],149498,4785,5,NORMAL,"[3.0,0.41999998688697815]",105,True,False
4785,Jabs,1,0,[151748],151748,4785,5,CRITICAL,"[3.75,0.5249999761581421]",132,False,True
4785,Jabs,2,0,[398219],398219,4785,5,NORMAL,"[3.0,0.41999998688697815]",105,True,False
4785,Jabs,3,0,[398223],398223,4785,5,CRITICAL,"[3.75,0.5249999761581421]",132,False,True
4785,Jabs,6,2,"[397655,397656,397657]",397657,397656,5,NORMAL,"[3.0,0.41999998688697815]",105,True,False
4785,Jabs,9,2,"[397655,398220,398221]",398221,398220,5,NORMAL,"[3.0,0.41999998688697815]",105,True,False
4785,Jabs,13,2,"[397660,397661,397662]",397662,397661,5,CRITICAL,"[3.75,0.5249999761581421]",132,False,True
4785,Jabs,16,2,"[397660,398224,398225]",398225,398224,5,CRITICAL,"[3.75,0.5249999761581421]",132,False,True
4785,Jabs,22,2,"[152316,316979,316980]",316980,316979,5,CRITICAL,"[3.75,0.48750001192092896]",123,False,False
4785,Jabs,27,2,"[152310,316976,316977]",316977,316976,5,NORMAL,"[3.0,0.38999998569488525]",98,False,False
4786,Flurry,0,0,[150384],150384,4786,5,NORMAL,"[1.0,0.12999999523162842]",32,True,False
4786,Flurry,1,0,[151740],151740,4786,5,CRITICAL,"[1.25,0.16249999403953552]",41,False,True
4786,Flurry,2,0,[398227],398227,4786,5,NORMAL,"[1.0,0.12999999523162842]",32,True,False
4786,Flurry,3,0,[398228],398228,4786,5,CRITICAL,"[1.25,0.16249999403953552]",41,False,True
4787,Wallop,0,0,[149504],149504,4787,5,NORMAL,"[2.0,0.2800000011920929]",70,True,False
4787,Wallop,1,0,[151733],151733,4787,5,CRITICAL,"[2.5,0.3499999940395355]",88,False,True
4787,Wallop,2,0,[398229],398229,4787,5,NORMAL,"[2.0,0.2800000011920929]",70,True,False
4787,Wallop,3,0,[398230],398230,4787,5,CRITICAL,"[2.5,0.3499999940395355]",88,False,True
4788,Pounding,15,4,"[402308,409691,411346,397941,397942]",397942,397941,5,NORMAL,"[0.0,1.0]",245,False,False
4788,Pounding,16,4,"[402308,409691,411346,397941,398233]",398233,397941,5,NORMAL,"[0.0,1.0]",245,False,False
4788,Pounding,18,3,"[402308,409691,409692,149508]",149508,409692,5,NORMAL,"[6.0,0.7799999713897705]",197,True,False
4788,Pounding,19,3,"[402308,409691,409692,398231]",398231,409692,5,NORMAL,"[6.0,0.7799999713897705]",197,True,False
4788,Pounding,35,4,"[402309,409693,411347,397943,397944]",397944,397943,5,CRITICAL,"[0.0,1.0]",245,False,False
4788,Pounding,36,4,"[402309,409693,411347,397943,398234]",398234,397943,5,CRITICAL,"[0.0,1.0]",245,False,False
4788,Pounding,38,3,"[402309,409693,409694,151726]",151726,409694,5,CRITICAL,"[8.0,0.9750000238418579]",246,False,True
4788,Pounding,39,3,"[402309,409693,409694,398232]",398232,409694,5,CRITICAL,"[8.0,0.9750000238418579]",246,False,True
4788,Pounding,45,1,"[152273,151206]",151206,152273,5,NORMAL,"[2.0,0.20000000298023224]",51,False,False
4788,Pounding,49,1,"[152274,151730]",151730,152274,5,CRITICAL,"[2.5,0.25]",63,False,False
4789,Sword of Iop,2,2,"[397405,397406,151719]",151719,397406,5,CRITICAL,"[3.75,0.4124999940395355]",104,False,True
4789,Sword of Iop,3,2,"[397405,397406,398239]",398239,397406,5,CRITICAL,"[3.75,0.4124999940395355]",104,False,True
4789,Sword of Iop,6,4,"[397405,397406,397925,397926,397927]",397927,397926,5,CRITICAL,"[3.0,0.33000001311302185]",83,False,False
4789,Sword of Iop,9,4,"[397405,397406,397925,398240,398241]",398241,398240,5,CRITICAL,"[3.0,0.33000001311302185]",83,False,False
4789,Sword of Iop,15,2,"[397402,397403,149510]",149510,397403,5,NORMAL,"[3.0,0.33000001311302185]",83,True,False
4789,Sword of Iop,16,2,"[397402,397403,398235]",398235,397403,5,NORMAL,"[3.0,0.33000001311302185]",83,True,False
4789,Sword of Iop,19,4,"[397402,397403,397909,397910,397911]",397911,397910,5,NORMAL,"[3.0,0.33000001311302185]",83,True,False
4789,Sword of Iop,22,4,"[397402,397403,397909,398236,398237]",398237,398236,5,NORMAL,"[3.0,0.33000001311302185]",83,True,False
4809,Storm Arrow,7,7,"[351311,351312,351313,351314,351315,351316,351317,351318]",351318,351317,5,CRITICAL,"[5.0,0.6000000238418579]",152,False,False
4809,Storm Arrow,9,7,"[351311,351312,351313,351314,351315,351316,351319,351320]",351320,351319,5,CRITICAL,"[3.75,0.44999998807907104]",113,False,False
4809,Storm Arrow,16,7,"[351311,351312,351322,351323,351324,351325,351326,351327]",351327,351326,5,CRITICAL,"[5.0,0.6000000238418579]",152,False,False
4809,Storm Arrow,18,7,"[351311,351312,351322,351323,351324,351325,351328,351329]",351329,351328,5,CRITICAL,"[3.75,0.44999998807907104]",113,False,False
4809,Storm Arrow,27,7,"[150330,150319,150321,347317,349773,350123,350124,150341]",150341,350124,5,NORMAL,"[4.0,0.47999998927116394]",121,False,False
4809,Storm Arrow,29,7,"[150330,150319,150321,347317,349773,350123,350126,350129]",350129,350126,5,NORMAL,"[3.0,0.36000001430511475]",91,True,False
4809,Storm Arrow,36,7,"[150330,150319,150320,347318,349774,350130,350131,350132]",350132,350131,5,NORMAL,"[4.0,0.47999998927116394]",121,False,False
4809,Storm Arrow,38,7,"[150330,150319,150320,347318,349774,350130,350134,350135]",350135,350134,5,NORMAL,"[3.0,0.36000001430511475]",91,True,False
4810,Retreat Arrow,2,2,"[348933,348934,150281]",150281,348934,5,NORMAL,"[4.0,0.47999998927116394]",121,True,False
4810,Retreat Arrow,12,2,"[348933,348935,350165]",350165,348935,5,NORMAL,"[4.0,0.47999998927116394]",121,True,False
4810,Retreat Arrow,23,2,"[351290,351291,351292]",351292,351291,5,CRITICAL,"[5.0,0.6000000238418579]",152,False,True
4810,Retreat Arrow,33,2,"[351290,351301,351302]",351302,351301,5,CRITICAL,"[5.0,0.6000000238418579]",152,False,True
4811,Plaguing Arrow,4,4,"[351331,351332,395782,395783,395784]",395784,395783,5,CRITICAL,"[5.0,0.550000011920929]",139,False,True
4811,Plaguing Arrow,5,4,"[351331,351332,395782,395783,395785]",395785,395783,5,CRITICAL,"[5.0,0.550000011920929]",139,False,True
4811,Plaguing Arrow,10,4,"[351331,351332,395782,395789,395790]",395790,395789,5,CRITICAL,"[0.0,1.0]",245,False,False
4811,Plaguing Arrow,11,4,"[351331,351332,395782,395789,395791]",395791,395789,5,CRITICAL,"[0.0,1.0]",245,False,False
4811,Plaguing Arrow,24,3,"[351331,351345,395795,395796]",395796,395795,5,CRITICAL,"[5.0,0.5]",127,False,False
4811,Plaguing Arrow,25,3,"[351331,351345,395795,395797]",395797,395795,5,CRITICAL,"[5.0,0.550000011920929]",139,False,True
4811,Plaguing Arrow,30,3,"[351331,351345,395801,395802]",395802,395801,5,CRITICAL,"[0.0,1.0]",245,False,False
4811,Plaguing Arrow,31,3,"[351331,351345,395801,395803]",395803,395801,5,CRITICAL,"[0.0,1.0]",245,False,False
4811,Plaguing Arrow,39,4,"[348964,348965,395757,395770,395771]",395771,395770,5,NORMAL,"[4.0,0.4399999976158142]",111,True,False
4811,Plaguing Arrow,40,4,"[348964,348965,395757,395770,395772]",395772,395770,5,NORMAL,"[4.0,0.4399999976158142]",111,True,False
4811,Plaguing Arrow,45,4,"[348964,348965,395757,395776,395777]",395777,395776,5,NORMAL,"[0.0,1.0]",245,False,False
4811,Plaguing Arrow,46,4,"[348964,348965,395757,395776,395778]",395778,395776,5,NORMAL,"[0.0,1.0]",245,False,False
4811,Plaguing Arrow,59,3,"[348964,348966,395715,395747]",395747,395715,5,NORMAL,"[4.0,0.4399999976158142]",111,True,False
4811,Plaguing Arrow,60,3,"[348964,348966,395715,350146]",350146,395715,5,NORMAL,"[4.0,0.4399999976158142]",111,True,False
4811,Plaguing Arrow,65,3,"[348964,348966,395748,395749]",395749,395748,5,NORMAL,"[0.0,1.0]",245,False,False
4811,Plaguing Arrow,66,3,"[348964,348966,395748,395750]",395750,395748,5,NORMAL,"[0.0,1.0]",245,False,False
4812,Static Arrow,2,2,"[349040,349041,350884]",350884,349041,5,NORMAL,"[6.0,0.7200000286102295]",182,True,False
4812,Static Arrow,5,4,"[349040,349041,350885,350886,350887]",350887,350886,5,NORMAL,"[4.0,0.47999998927116394]",121,False,False
4812,Static Arrow,7,4,"[349040,349041,350885,350888,350889]",350889,350888,5,NORMAL,"[2.0,0.23999999463558197]",60,False,False
4812,Static Arrow,12,2,"[349040,349042,350175]",350175,349042,5,NORMAL,"[6.0,0.7200000286102295]",182,True,False
4812,Static Arrow,15,4,"[349040,349042,350176,350177,350179]",350179,350177,5,NORMAL,"[4.0,0.47999998927116394]",121,False,False
4812,Static Arrow,17,4,"[349040,349042,350176,350181,350183]",350183,350181,5,NORMAL,"[2.0,0.23999999463558197]",60,False,False
4812,Static Arrow,23,2,"[351357,351358,351359]",351359,351358,5,CRITICAL,"[7.5,0.8999999761581421]",227,False,False
4812,Static Arrow,26,4,"[351357,351358,351360,351361,351362]",351362,351361,5,CRITICAL,"[5.0,0.6000000238418579]",152,False,False
4812,Static Arrow,28,4,"[351357,351358,351360,351363,351364]",351364,351363,5,CRITICAL,"[2.5,0.30000001192092896]",76,False,False
4812,Static Arrow,33,2,"[351357,351368,351369]",351369,351368,5,CRITICAL,"[7.5,0.8999999761581421]",227,False,False
4812,Static Arrow,36,4,"[351357,351368,351370,351371,351372]",351372,351371,5,CRITICAL,"[5.0,0.6000000238418579]",152,False,False
4812,Static Arrow,38,4,"[351357,351368,351370,351373,351374]",351374,351373,5,CRITICAL,"[2.5,0.30000001192092896]",76,False,False
4813,Homing Arrow,2,2,"[351279,351280,351281]",351281,351280,5,CRITICAL,"[2.5,0.2750000059604645]",69,False,True
4813,Homing Arrow,7,2,"[351279,351285,351286]",351286,351285,5,CRITICAL,"[2.5,0.2750000059604645]",69,False,True
4813,Homing Arrow,13,2,"[348916,348917,150294]",150294,348917,5,NORMAL,"[2.0,0.2199999988079071]",55,True,False
4813,Homing Arrow,18,2,"[348916,348918,350102]",350102,348918,5,NORMAL,"[2.0,0.2199999988079071]",55,True,False
4814,Destructive Arrow,4,4,"[351260,351261,351262,351263,351264]",351264,351263,3,CRITICAL,"[12.5,1.75]",441,False,False
4814,Destructive Arrow,6,4,"[351260,351261,351262,351265,351266]",351266,351265,3,CRITICAL,"[11.25,1.462499976158142]",369,False,True
4814,Destructive Arrow,13,4,"[351260,351270,351271,351272,351273]",351273,351272,3,CRITICAL,"[12.5,1.75]",441,False,False
4814,Destructive Arrow,15,4,"[351260,351270,351271,351274,351275]",351275,351274,3,CRITICAL,"[11.25,1.462499976158142]",369,False,True
4814,Destructive Arrow,23,4,"[347293,348906,350065,350066,347294]",347294,350066,3,NORMAL,"[10.0,1.399999976158142]",352,False,False
4814,Destructive Arrow,25,4,"[347293,348906,350065,350067,350068]",350068,350067,3,NORMAL,"[9.0,1.1699999570846558]",295,True,False
4814,Destructive Arrow,32,4,"[347293,348907,350088,350089,350090]",350090,350089,3,NORMAL,"[10.0,1.399999976158142]",352,False,False
4814,Destructive Arrow,34,4,"[347293,348907,350088,350092,350093]",350093,350092,3,NORMAL,"[9.0,1.1699999570846558]",295,True,False
4816,Lashing Arrow,2,2,"[395478,348882,350032]",350032,348882,3,NORMAL,"[3.0,0.30000001192092896]",76,True,False
4816,Lashing Arrow,8,2,"[395478,348881,150180]",150180,348881,3,NORMAL,"[3.0,0.30000001192092896]",76,True,False
4816,Lashing Arrow,15,2,"[395479,395486,395487]",395487,395486,3,CRITICAL,"[3.75,0.375]",95,False,True
4816,Lashing Arrow,21,2,"[395479,395480,395481]",395481,395480,3,CRITICAL,"[3.75,0.375]",95,False,True
4817,Raining Arrows,6,3,"[351216,351217,351219,351220]",351220,351219,3,CRITICAL,"[5.0,0.699999988079071]",176,False,True
4817,Raining Arrows,9,3,"[351216,351217,351222,351223]",351223,351222,3,CRITICAL,"[5.0,0.699999988079071]",176,False,True
4817,Raining Arrows,25,3,"[347256,348625,348868,347257]",347257,348868,3,NORMAL,"[4.0,0.5600000023841858]",141,True,False
4817,Raining Arrows,28,3,"[347256,348625,348869,348870]",348870,348869,3,NORMAL,"[4.0,0.5600000023841858]",141,True,False
4818,Riddling Arrow,2,2,"[347248,348852,348853]",348853,348852,3,NORMAL,"[3.0,0.41999998688697815]",105,True,False
4818,Riddling Arrow,12,2,"[347248,348851,350080]",350080,348851,3,NORMAL,"[3.0,0.41999998688697815]",105,True,False
4818,Riddling Arrow,23,2,"[351174,351175,351176]",351176,351175,3,CRITICAL,"[3.75,0.5249999761581421]",132,False,True
4818,Riddling Arrow,33,2,"[351174,351185,351186]",351186,351185,3,CRITICAL,"[3.75,0.5249999761581421]",132,False,True
4819,Explosive Arrow,2,2,"[352319,150088,349940]",349940,150088,2,NORMAL,"[7.0,0.7699999809265137]",195,False,False
4819,Explosive Arrow,3,2,"[352319,150088,150094]",150094,150088,2,NORMAL,"[5.0,0.550000011920929]",139,True,False
4819,Explosive Arrow,7,2,"[352320,351164,351168]",351168,351164,2,CRITICAL,"[8.75,0.9624999761581421]",244,False,False
4819,Explosive Arrow,8,2,"[352320,351164,351172]",351172,351164,2,CRITICAL,"[6.25,0.6875]",174,False,True
4820,Fulminating Arrow,2,2,"[352236,352237,352238]",352238,352237,2,NORMAL,"[3.0,0.38999998569488525]",98,True,False
4820,Fulminating Arrow,3,2,"[352236,352237,352239]",352239,352237,2,NORMAL,"[4.0,0.5199999809265137]",131,False,False
4820,Fulminating Arrow,6,1,"[352236,352242]",352242,352236,2,NORMAL,"[3.0,0.38999998569488525]",98,True,False
4820,Fulminating Arrow,7,1,"[352236,352243]",352243,352236,2,NORMAL,"[4.0,0.5199999809265137]",131,False,False
4820,Fulminating Arrow,12,2,"[352246,352247,352248]",352248,352247,2,CRITICAL,"[3.75,0.48750001192092896]",123,False,True
4820,Fulminating Arrow,13,2,"[352246,352247,352249]",352249,352247,2,CRITICAL,"[5.0,0.6499999761581421]",164,False,False
4820,Fulminating Arrow,16,1,"[352246,352252]",352252,352246,2,CRITICAL,"[3.75,0.48750001192092896]",123,False,True
4820,Fulminating Arrow,17,1,"[352246,352253]",352253,352246,2,CRITICAL,"[5.0,0.6499999761581421]",164,False,False
4821,Flaming Arrow,2,2,"[349908,349909,349911]",349911,349909,2,NORMAL,"[4.0,0.47999998927116394]",121,True,False
4821,Flaming Arrow,11,2,"[351564,351565,351566]",351566,351565,2,CRITICAL,"[5.0,0.6000000238418579]",152,False,True
4822,Burning Arrow,2,2,"[350259,347175,347176]",347176,347175,2,NORMAL,"[3.0,0.38999998569488525]",98,False,False
4822,Burning Arrow,5,2,"[350259,351538,351539]",351539,351538,2,NORMAL,"[3.0,0.38999998569488525]",98,False,False
4822,Burning Arrow,10,2,"[350259,351541,351542]",351542,351541,2,NORMAL,"[3.0,0.38999998569488525]",98,False,False
4822,Burning Arrow,16,2,"[351573,351574,351575]",351575,351574,2,CRITICAL,"[3.75,0.48750001192092896]",123,False,False
4822,Burning Arrow,19,2,"[351573,351577,351578]",351578,351577,2,CRITICAL,"[3.75,0.48750001192092896]",123,False,False
4822,Burning Arrow,24,2,"[351573,351582,351583]",351583,351582,2,CRITICAL,"[3.75,0.48750001192092896]",123,False,False
4822,Burning Arrow,30,2,"[352317,352305,352307]",352307,352305,2,NORMAL,"[2.0,0.23999999463558197]",60,True,False
4822,Burning Arrow,31,2,"[352317,352305,352309]",352309,352305,2,NORMAL,"[4.0,0.47999998927116394]",121,False,False
4822,Burning Arrow,32,2,"[352317,352305,352308]",352308,352305,2,NORMAL,"[6.0,0.7200000286102295]",182,False,False
4822,Burning Arrow,35,4,"[352317,352305,411574,411575,411576]",411576,411575,2,NORMAL,"[6.0,0.7200000286102295]",182,False,False
4822,Burning Arrow,36,4,"[352317,352305,411574,411575,411577]",411577,411575,2,NORMAL,"[4.0,0.47999998927116394]",121,False,False
4822,Burning Arrow,37,3,"[352317,352305,411574,411578]",411578,411574,2,NORMAL,"[2.0,0.23999999463558197]",60,True,False
4822,Burning Arrow,41,2,"[352318,352311,352313]",352313,352311,2,CRITICAL,"[2.5,0.30000001192092896]",76,False,True
4822,Burning Arrow,42,2,"[352318,352311,352315]",352315,352311,2,CRITICAL,"[5.0,0.6000000238418579]",152,False,False
4822,Burning Arrow,43,2,"[352318,352311,352314]",352314,352311,2,CRITICAL,"[7.5,0.8999999761581421]",227,False,False
5028,Blood Rush,10,0,[157216],157216,5028,2,NORMAL,"[3.0,0.44999998807907104]",113,True,False
5028,Blood Rush,11,0,[157221],157221,5028,2,CRITICAL,"[3.75,0.5625]",141,False,True
5029,Cage of Blood,1,1,"[203414,196981]",196981,203414,2,NORMAL,"[4.0,0.47999998927116394]",121,True,False
5029,Cage of Blood,5,1,"[203415,197526]",197526,203415,2,CRITICAL,"[5.0,0.6000000238418579]",152,False,True
5030,Attraction,4,2,"[415959,415961,415963]",415963,415961,2,CRITICAL,"[3.75,0.4124999940395355]",104,False,True
5030,Attraction,10,2,"[415953,415955,415957]",415957,415955,2,NORMAL,"[3.0,0.33000001311302185]",83,True,False
5031,Burning Blood,2,1,"[196974,196976]",196976,196974,2,NORMAL,"[4.0,0.6000000238418579]",151,True,False
5031,Burning Blood,5,1,"[197035,197037]",197037,197035,2,CRITICAL,"[5.0,0.75]",188,False,True
5032,Punition,3,2,"[196984,417081,417361]",417361,417081,2,NORMAL,"[0.0,1.0]",245,True,False
5032,Punition,4,1,"[196984,196988]",196988,196984,2,NORMAL,"[10.0,1.2000000476837158]",304,False,False
5032,Punition,8,2,"[197044,417082,197048]",197048,417082,2,CRITICAL,"[0.0,1.0]",245,False,True
5032,Punition,9,1,"[197044,417362]",417362,197044,2,CRITICAL,"[12.5,1.5]",380,False,False
5033,Rocky Foot,2,2,"[416608,416609,197049]",197049,416609,3,CRITICAL,"[3.75,0.44999998807907104]",113,False,False
5033,Rocky Foot,5,2,"[416608,416611,416612]",416612,416611,3,CRITICAL,"[5.0,0.6000000238418579]",152,False,False
5033,Rocky Foot,10,2,"[416600,416601,157277]",157277,416601,3,NORMAL,"[3.0,0.36000001430511475]",91,True,False
5033,Rocky Foot,13,2,"[416600,416603,416604]",416604,416603,3,NORMAL,"[4.0,0.47999998927116394]",121,False,False
5034,Spiritual Tempest,9,0,[197111],197111,5034,5,CRITICAL,"[5.0,0.6499999761581421]",164,False,True
5034,Spiritual Tempest,28,0,[196964],196964,5034,5,NORMAL,"[4.0,0.5199999809265137]",131,True,False
5035,Insanity,6,0,[197060],197060,5035,3,CRITICAL,"[3.75,0.4124999940395355]",104,False,True
5035,Insanity,7,0,[157290],157290,5035,3,NORMAL,"[3.0,0.33000001311302185]",83,True,False
5036,Smashes,2,2,"[197757,353275,157296]",157296,353275,3,NORMAL,"[4.0,0.47999998927116394]",121,False,False
5036,Smashes,3,2,"[197757,353275,353276]",353276,353275,3,NORMAL,"[6.0,0.7200000286102295]",182,False,False
5036,Smashes,8,2,"[197758,353277,197067]",197067,353277,3,CRITICAL,"[5.0,0.6000000238418579]",152,False,False
5036,Smashes,9,2,"[197758,353277,353278]",353278,353277,3,CRITICAL,"[7.5,0.8999999761581421]",227,False,False
5036,Smashes,15,3,"[416768,416769,416770,416771]",416771,416770,3,NORMAL,"[5.0,0.699999988079071]",176,True,False
5036,Smashes,19,2,"[416768,416774,416775]",416775,416774,3,NORMAL,"[7.5,1.0499999523162842]",264,False,False
5036,Smashes,26,3,"[416779,416780,416781,416782]",416782,416781,3,CRITICAL,"[6.25,0.875]",220,False,True
5036,Smashes,30,2,"[416779,416785,416786]",416786,416785,3,CRITICAL,"[9.375,1.3125]",330,False,False
5037,Colonnades,13,2,"[196997,416129,416130]",416130,416129,3,NORMAL,"[4.0,0.5199999809265137]",131,True,False
5037,Colonnades,22,2,"[197785,416138,416139]",416139,416138,3,CRITICAL,"[5.0,0.6499999761581421]",164,False,True
5038,Aversion,1,1,"[197618,196896]",196896,197618,5,NORMAL,"[3.0,0.38999998569488525]",98,True,False
5038,Aversion,2,1,"[197618,317000]",317000,197618,5,NORMAL,"[4.0,0.5199999809265137]",131,False,False
5038,Aversion,4,1,"[197620,197070]",197070,197620,5,CRITICAL,"[3.75,0.48750001192092896]",123,False,True
5038,Aversion,5,1,"[197620,317001]",317001,197620,5,CRITICAL,"[5.0,0.6499999761581421]",164,False,False
5039,Sacrier's Fist,3,2,"[157319,157320,157323]",157323,157320,3,NORMAL,"[2.0,0.30000001192092896]",75,True,False
5039,Sacrier's Fist,7,2,"[157319,157324,157326]",157326,157324,3,NORMAL,"[2.0,0.30000001192092896]",75,True,False
5039,Sacrier's Fist,11,2,"[197051,197052,197054]",197054,197052,3,CRITICAL,"[2.5,0.375]",94,False,True
5039,Sacrier's Fist,15,2,"[197051,197055,197057]",197057,197055,3,CRITICAL,"[2.5,0.375]",94,False,True
5040,Assault,2,1,"[196931,161910]",161910,196931,5,NORMAL,"[2.0,0.23999999463558197]",60,True,False
5040,Assault,7,1,"[197081,197083]",197083,197081,5,CRITICAL,"[2.5,0.30000001192092896]",76,False,True
5041,Motion Sickness,2,2,"[415994,353279,353280]",353280,353279,5,NORMAL,"[2.0,0.25999999046325684]",65,False,False
5041,Motion Sickness,16,1,"[417111,417109]",417109,417111,5,CRITICAL,"[2.5,0.30000001192092896]",76,False,False
5041,Motion Sickness,20,1,"[417107,415995]",415995,417107,5,NORMAL,"[2.0,0.23999999463558197]",60,False,False
5042,Light Speed,6,3,"[417153,417154,417157,417159]",417159,417157,5,CRITICAL,"[3.75,0.44999998807907104]",113,False,False
5042,Light Speed,22,3,"[416903,416904,416907,416909]",416909,416907,5,NORMAL,"[3.0,0.36000001430511475]",91,True,False
5561,Resonance,2,2,"[173470,173468,348265]",348265,173468,1083,NORMAL,"[4.0,0.47999998927116394]",121,True,False
5561,Resonance,3,2,"[173470,173468,348266]",348266,173468,1083,NORMAL,"[4.0,0.47999998927116394]",121,True,False
5561,Resonance,5,2,"[173470,348267,348268]",348268,348267,1083,NORMAL,"[4.0,0.47999998927116394]",121,True,False
5561,Resonance,6,2,"[173470,348267,348269]",348269,348267,1083,NORMAL,"[4.0,0.47999998927116394]",121,True,False
5561,Resonance,9,2,"[348627,348628,348629]",348629,348628,1083,CRITICAL,"[5.0,0.6000000238418579]",152,False,True
5561,Resonance,10,2,"[348627,348628,348630]",348630,348628,1083,CRITICAL,"[5.0,0.6000000238418579]",152,False,True
5561,Resonance,12,2,"[348627,348631,348632]",348632,348631,1083,CRITICAL,"[5.0,0.6000000238418579]",152,False,True
5561,Resonance,13,2,"[348627,348631,348633]",348633,348631,1083,CRITICAL,"[5.0,0.6000000238418579]",152,False,True
5562,Energy Flux,1,1,"[348256,348257]",348257,348256,2,NORMAL,"[2.0,0.25999999046325684]",65,True,False
5562,Energy Flux,5,1,"[350266,350267]",350267,350266,2,CRITICAL,"[2.5,0.32499998807907104]",82,False,False
5562,Energy Flux,9,1,"[350261,350262]",350262,350261,2,NORMAL,"[2.0,0.25999999046325684]",65,True,False
5562,Energy Flux,13,1,"[350270,350271]",350271,350270,2,CRITICAL,"[2.0,0.32499998807907104]",81,False,True
5563,Light of Dawn,1,1,"[348567,348568]",348568,348567,2,CRITICAL,"[2.5,0.32499998807907104]",82,False,True
5563,Light of Dawn,12,1,"[348320,348270]",348270,348320,2,NORMAL,"[2.0,0.25999999046325684]",65,True,False
5564,Downpour,1,1,"[348584,350204]",350204,348584,4,CRITICAL,"[2.5,0.2750000059604645]",69,False,True
5564,Downpour,7,2,"[348584,348588,350205]",350205,348588,4,CRITICAL,"[2.5,0.2750000059604645]",69,False,True
5564,Downpour,9,1,"[348319,350202]",350202,348319,4,NORMAL,"[2.0,0.2199999988079071]",55,True,False
5564,Downpour,15,2,"[348319,348291,350203]",350203,348291,4,NORMAL,"[2.0,0.2199999988079071]",55,True,False
5565,Walloping,1,1,"[348318,348293]",348293,348318,4,NORMAL,"[2.0,0.2800000011920929]",70,True,False
5565,Walloping,9,1,"[348590,348591]",348591,348590,4,CRITICAL,"[2.5,0.3499999940395355]",88,False,True
5566,Vestige,2,2,"[348596,348597,348598]",348598,348597,4,CRITICAL,"[2.5,0.3499999940395355]",88,False,True
5566,Vestige,7,2,"[348596,348601,348602]",348602,348601,4,CRITICAL,"[2.5,0.3499999940395355]",88,False,True
5566,Vestige,13,2,"[348296,348297,348298]",348298,348297,4,NORMAL,"[2.0,0.2800000011920929]",70,True,False
5566,Vestige,18,2,"[348296,348301,348302]",348302,348301,4,NORMAL,"[2.0,0.2800000011920929]",70,True,False
5567,Rock Slide,1,1,"[348379,348380]",348380,348379,3,NORMAL,"[2.0,0.25999999046325684]",65,True,False
5567,Rock Slide,9,1,"[348605,348606]",348606,348605,3,CRITICAL,"[2.5,0.32499998807907104]",82,False,True
5568,Backband,12,2,"[254539,254540,254541]",254541,254540,3,NORMAL,"[2.0,0.23999999463558197]",60,True,False
5568,Backband,16,2,"[348613,348614,348615]",348615,348614,3,CRITICAL,"[2.5,0.30000001192092896]",76,False,True
5569,Rift,0,0,[349432],349432,5569,3,CRITICAL,"[2.5,0.30000001192092896]",76,False,True
5569,Rift,1,0,[175203],175203,5569,3,NORMAL,"[2.0,0.23999999463558197]",60,True,False
5570,Diurnal Butterflies,0,0,[175703],175703,5570,5,CRITICAL,"[2.5,0.32499998807907104]",82,False,True
5570,Diurnal Butterflies,1,0,[173482],173482,5570,5,NORMAL,"[2.0,0.25999999046325684]",65,True,False
5571,Luminescent Disc,1,1,"[348400,348402]",348402,348400,2,NORMAL,"[2.0,0.23999999463558197]",60,True,False
5571,Luminescent Disc,11,1,"[348558,348559]",348559,348558,2,CRITICAL,"[2.5,0.30000001192092896]",76,False,True
5572,Dancing Shadows,0,0,[175583],175583,5572,5,CRITICAL,"[2.5,0.30000001192092896]",76,False,True
5572,Dancing Shadows,1,0,[175244],175244,5572,5,NORMAL,"[2.0,0.23999999463558197]",60,True,False
5590,Shiny Orbs,3,3,"[175541,175539,348124,174233]",174233,348124,1083,NORMAL,"[2.5,0.25]",63,True,False
5590,Shiny Orbs,4,3,"[175541,175539,348124,175349]",175349,348124,1083,NORMAL,"[2.5,0.25]",63,True,False
5590,Shiny Orbs,11,3,"[175541,175527,348128,175529]",175529,348128,1083,NORMAL,"[2.5,0.25]",63,True,False
5590,Shiny Orbs,12,3,"[175541,175527,348128,175530]",175530,348128,1083,NORMAL,"[2.5,0.25]",63,True,False
5590,Shiny Orbs,20,3,"[175542,348132,348133,348134]",348134,348133,1083,CRITICAL,"[3.125,0.3125]",79,False,True
5590,Shiny Orbs,21,3,"[175542,348132,348133,348135]",348135,348133,1083,CRITICAL,"[3.125,0.3125]",79,False,True
5590,Shiny Orbs,28,3,"[175542,348139,348141,348142]",348142,348141,1083,CRITICAL,"[3.125,0.3125]",79,False,True
5590,Shiny Orbs,29,3,"[175542,348139,348141,348143]",348143,348141,1083,CRITICAL,"[3.125,0.3125]",79,False,True
5591,Twilight Beam,0,0,[348410],348410,5591,1083,NORMAL,"[4.0,0.5199999809265137]",131,True,False
5591,Twilight Beam,1,0,[348634],348634,5591,1083,CRITICAL,"[5.0,0.6499999761581421]",164,False,True
5591,Twilight Beam,3,1,"[350323,350324]",350324,350323,1083,NORMAL,"[0.0,1.0]",245,False,False
5591,Twilight Beam,9,1,"[350325,350326]",350326,350325,1083,CRITICAL,"[0.0,1.0]",245,False,False
5593,Glistening Tears,0,0,[348122],348122,5593,1083,CRITICAL,"[3.75,0.48750001192092896]",123,False,True
5593,Glistening Tears,1,0,[175229],175229,5593,1083,NORMAL,"[3.0,0.38999998569488525]",98,True,False
5594,Light Arrow,2,2,"[348635,348636,348637]",348637,348636,1083,CRITICAL,"[11.25,1.5750000476837158]",397,False,False
5594,Light Arrow,9,3,"[348635,348638,412800,412804]",412804,412800,1083,CRITICAL,"[5.512499809265137,0.78125]",196,False,False
5594,Light Arrow,11,2,"[348635,348638,348640]",348640,348638,1083,CRITICAL,"[11.25,1.5625]",394,False,True
5594,Light Arrow,18,2,"[348411,348412,348419]",348419,348412,1083,NORMAL,"[9.0,1.2599999904632568]",317,True,False
5594,Light Arrow,25,3,"[348411,348414,412794,412798]",412798,412794,1083,NORMAL,"[4.5,0.6299999952316284]",158,False,False
5594,Light Arrow,27,2,"[348411,348414,348416]",348416,348414,1083,NORMAL,"[9.0,1.2599999904632568]",317,True,False
5595,Light Sword,2,2,"[175688,175689,175690]",175690,175689,1083,CRITICAL,"[2.5,0.25]",63,False,True
5595,Light Sword,3,2,"[175688,175689,254333]",254333,175689,1083,CRITICAL,"[2.5,0.25]",63,False,True
5595,Light Sword,6,3,"[175688,254334,254335,254336]",254336,254335,1083,CRITICAL,"[2.5,0.25]",63,False,True
5595,Light Sword,9,3,"[175688,254334,254338,254339]",254339,254338,1083,CRITICAL,"[2.5,0.25]",63,False,True
5595,Light Sword,13,3,"[175688,254341,254342,254343]",254343,254342,1083,CRITICAL,"[2.5,0.25]",63,False,True
5595,Light Sword,16,3,"[175688,254341,254345,254346]",254346,254345,1083,CRITICAL,"[2.5,0.25]",63,False,True
5595,Light Sword,20,3,"[175688,254348,254349,254350]",254350,254349,1083,CRITICAL,"[2.5,0.25]",63,False,True
5595,Light Sword,23,3,"[175688,254348,254352,254353]",254353,254352,1083,CRITICAL,"[2.5,0.25]",63,False,True
5595,Light Sword,27,3,"[175688,254355,254356,254357]",254357,254356,1083,CRITICAL,"[2.5,0.25]",63,False,True
5595,Light Sword,30,3,"[175688,254355,254359,254360]",254360,254359,1083,CRITICAL,"[2.5,0.25]",63,False,True
5595,Light Sword,34,2,"[175232,175676,175677]",175677,175676,1083,NORMAL,"[2.0,0.20000000298023224]",51,True,False
5595,Light Sword,35,2,"[175232,175676,254316]",254316,175676,1083,NORMAL,"[2.0,0.20000000298023224]",51,True,False
5595,Light Sword,38,3,"[175232,254317,175233,175674]",175674,175233,1083,NORMAL,"[2.0,0.20000000298023224]",51,True,False
5595,Light Sword,41,3,"[175232,254317,254318,254319]",254319,254318,1083,NORMAL,"[2.0,0.20000000298023224]",51,True,False
5595,Light Sword,45,3,"[175232,254321,175679,175680]",175680,175679,1083,NORMAL,"[2.0,0.20000000298023224]",51,True,False
5595,Light Sword,48,3,"[175232,254321,254322,254323]",254323,254322,1083,NORMAL,"[2.0,0.20000000298023224]",51,True,False
5595,Light Sword,52,3,"[175232,254325,175682,175683]",175683,175682,1083,NORMAL,"[2.0,0.20000000298023224]",51,True,False
5595,Light Sword,55,3,"[175232,254325,254326,254327]",254327,254326,1083,NORMAL,"[2.0,0.20000000298023224]",51,True,False
5595,Light Sword,59,3,"[175232,254329,175685,175686]",175686,175685,1083,NORMAL,"[2.0,0.20000000298023224]",51,True,False
5595,Light Sword,62,3,"[175232,254329,254330,254331]",254331,254330,1083,NORMAL,"[2.0,0.20000000298023224]",51,True,False
5595,Light Sword,64,0,[414011],414011,5595,1083,NORMAL,"[1.0,0.0]",1,False,False
5595,Light Sword,65,0,[414012],414012,5595,1083,CRITICAL,"[1.0,0.0]",1,False,False
5595,Light Sword,66,0,[414058],414058,5595,1083,NORMAL,"[1.0,0.0]",1,False,False
5595,Light Sword,67,0,[414059],414059,5595,1083,CRITICAL,"[1.0,0.0]",1,False,False
5596,Mirage,2,1,"[348621,348623]",348623,348621,5,CRITICAL,"[2.5,0.30000001192092896]",76,False,True
5596,Mirage,5,1,"[175236,175239]",175239,175236,5,NORMAL,"[2.0,0.23999999463558197]",60,True,False
5597,Moonbeam,2,2,"[348420,350329,348421]",348421,350329,1083,NORMAL,"[4.0,0.5199999809265137]",131,True,False
5597,Moonbeam,8,4,"[348420,348422,394060,350332,348423]",348423,350332,1083,NORMAL,"[4.0,0.5199999809265137]",131,True,False
5597,Moonbeam,20,2,"[348642,350335,348643]",348643,350335,1083,CRITICAL,"[5.0,0.6499999761581421]",164,False,True
5597,Moonbeam,26,4,"[348642,348645,394062,350339,348646]",348646,350339,1083,CRITICAL,"[5.0,0.6499999761581421]",164,False,True
6256,Weigh Down,0,0,[341509],341509,6256,4,CRITICAL,"[3.75,0.48750001192092896]",123,False,True
6256,Weigh Down,1,0,[341508],341508,6256,4,NORMAL,"[3.0,0.38999998569488525]",98,True,False
6256,Weigh Down,3,1,"[341005,341006]",341006,341005,4,NORMAL,"[4.0,0.5199999809265137]",131,False,False
6256,Weigh Down,4,1,"[341005,341007]",341007,341005,4,NORMAL,"[3.0,0.38999998569488525]",98,True,False
6256,Weigh Down,6,1,"[341008,341009]",341009,341008,4,CRITICAL,"[5.0,0.6499999761581421]",164,False,False
6256,Weigh Down,7,1,"[341008,341010]",341010,341008,4,CRITICAL,"[3.75,0.48750001192092896]",123,False,True
6256,Weigh Down,14,4,"[341161,341163,341164,341168,341169]",341169,341168,4,NORMAL,"[4.0,0.5199999809265137]",131,False,False
6256,Weigh Down,15,4,"[341161,341163,341164,341168,341170]",341170,341168,4,NORMAL,"[3.0,0.38999998569488525]",98,True,False
6256,Weigh Down,22,4,"[341171,341173,341174,341175,341176]",341176,341175,4,CRITICAL,"[5.0,0.6499999761581421]",164,False,False
6256,Weigh Down,23,4,"[341171,341173,341174,341175,341177]",341177,341175,4,CRITICAL,"[3.75,0.48750001192092896]",123,False,True
6257,Flail,1,1,"[340549,340550]",340550,340549,4,CRITICAL,"[6.25,0.75]",190,False,True
6257,Flail,4,1,"[242646,242647]",242647,242646,4,NORMAL,"[5.0,0.6000000238418579]",152,True,False
6257,Flail,7,1,"[341514,341515]",341515,341514,4,NORMAL,"[5.0,0.6000000238418579]",152,True,False
6257,Flail,10,1,"[341517,341518]",341518,341517,4,CRITICAL,"[5.0,0.6000000238418579]",152,False,False
6257,Flail,21,4,"[341122,341124,341125,341126,341127]",341127,341126,4,NORMAL,"[5.0,0.6000000238418579]",152,True,False
6257,Flail,30,4,"[341129,341131,341132,341133,341134]",341134,341133,4,CRITICAL,"[6.25,0.75]",190,False,True
6258,Rupture,2,2,"[339469,339466,339467]",339467,339466,4,NORMAL,"[4.0,0.5600000023841858]",141,False,False
6258,Rupture,5,2,"[339469,339463,339464]",339464,339463,4,NORMAL,"[2.0,0.2800000011920929]",70,True,False
6258,Rupture,9,2,"[340451,340452,340453]",340453,340452,4,CRITICAL,"[5.0,0.699999988079071]",176,False,False
6258,Rupture,12,2,"[340451,340455,340456]",340456,340455,4,CRITICAL,"[2.5,0.3499999940395355]",88,False,True
6258,Rupture,22,5,"[341136,341138,341139,341143,341144,341145]",341145,341144,4,NORMAL,"[4.0,0.5600000023841858]",141,False,False
6258,Rupture,25,5,"[341136,341138,341139,341143,341147,341148]",341148,341147,4,NORMAL,"[2.0,0.2800000011920929]",70,True,False
6258,Rupture,35,5,"[341150,341152,341153,341154,341155,341156]",341156,341155,4,CRITICAL,"[5.0,0.699999988079071]",176,False,False
6258,Rupture,38,5,"[341150,341152,341153,341154,341158,341159]",341159,341158,4,CRITICAL,"[2.5,0.3499999940395355]",88,False,True
6259,Gash,1,1,"[340002,241539]",241539,340002,4,NORMAL,"[5.0,0.75]",188,True,False
6259,Gash,10,1,"[340458,340459]",340459,340458,4,CRITICAL,"[6.25,0.9375]",235,False,True
6259,Gash,24,4,"[341178,341180,341181,341185,341186]",341186,341185,4,NORMAL,"[5.0,0.75]",188,True,False
6259,Gash,31,4,"[341188,341190,341191,341192,341193]",341193,341192,4,CRITICAL,"[6.25,0.9375]",235,False,True
6260,Ruckus,8,1,"[341544,341545]",341545,341544,4,CRITICAL,"[3.75,0.48750001192092896]",123,False,True
6260,Ruckus,17,1,"[340001,339483]",339483,340001,4,NORMAL,"[3.0,0.38999998569488525]",98,True,False
6260,Ruckus,32,4,"[341103,341105,341106,341536,341537]",341537,341536,4,NORMAL,"[3.0,0.38999998569488525]",98,True,False
6260,Ruckus,47,4,"[341552,341554,341555,341557,341559]",341559,341557,4,CRITICAL,"[3.75,0.48750001192092896]",123,False,True
6261,Fang in the Works,1,1,"[340013,241232]",241232,340013,3,NORMAL,"[2.0,0.25999999046325684]",65,True,False
6261,Fang in the Works,4,1,"[340491,340492]",340492,340491,3,CRITICAL,"[2.5,0.32499998807907104]",82,False,True
6261,Fang in the Works,13,4,"[341200,341202,341203,341208,341209]",341209,341208,3,NORMAL,"[2.0,0.25999999046325684]",65,True,False
6261,Fang in the Works,22,4,"[341211,341213,341214,341216,341217]",341217,341216,3,CRITICAL,"[2.5,0.32499998807907104]",82,False,True
6262,Crosshatch,1,1,"[341015,341016]",341016,341015,3,CRITICAL,"[3.75,0.4124999940395355]",104,False,True
6262,Crosshatch,4,1,"[341011,341012]",341012,341011,3,NORMAL,"[3.0,0.33000001311302185]",83,True,False
6262,Crosshatch,13,4,"[341269,341271,341272,341274,341275]",341275,341274,3,NORMAL,"[3.0,0.33000001311302185]",83,True,False
6262,Crosshatch,21,4,"[341276,341278,341279,341281,341282]",341282,341281,3,CRITICAL,"[3.75,0.4124999940395355]",104,False,True
6263,Brawl,1,1,"[339517,339518]",339518,339517,3,NORMAL,"[3.0,0.33000001311302185]",83,True,False
6263,Brawl,8,1,"[339517,339520]",339520,339517,3,NORMAL,"[9.0,0.9900000095367432]",251,False,False
6263,Brawl,10,1,"[340481,340482]",340482,340481,3,CRITICAL,"[3.75,0.4124999940395355]",104,False,True
6263,Brawl,17,1,"[340481,340489]",340489,340481,3,CRITICAL,"[11.25,1.2374999523162842]",314,False,False
6263,Brawl,18,0,[340385],340385,6263,3,NORMAL,"[9.0,0.9900000095367432]",251,False,False
6263,Brawl,19,0,[340490],340490,6263,3,CRITICAL,"[11.25,1.2374999523162842]",314,False,False
6263,Brawl,27,4,"[341219,341221,341222,341224,341233]",341233,341224,3,NORMAL,"[3.0,0.33000001311302185]",83,True,False
6263,Brawl,34,4,"[341219,341221,341222,341224,341240]",341240,341224,3,NORMAL,"[9.0,0.9900000095367432]",251,False,False
6263,Brawl,42,4,"[341241,341243,341244,341246,341247]",341247,341246,3,CRITICAL,"[3.75,0.4124999940395355]",104,False,True
6263,Brawl,49,4,"[341241,341243,341244,341246,341254]",341254,341246,3,CRITICAL,"[11.25,1.2374999523162842]",314,False,False
6264,Fits and Starts,5,2,"[340003,395688,395692]",395692,395688,3,NORMAL,"[2.0,0.25999999046325684]",65,True,False
6264,Fits and Starts,7,1,"[340003,241240]",241240,340003,3,NORMAL,"[4.0,0.5199999809265137]",131,False,False
6264,Fits and Starts,15,2,"[340465,395700,395704]",395704,395700,3,CRITICAL,"[2.5,0.32499998807907104]",82,False,True
6264,Fits and Starts,17,1,"[340465,340470]",340470,340465,3,CRITICAL,"[5.0,0.6499999761581421]",164,False,False
6264,Fits and Starts,31,5,"[341283,341285,341286,341307,395694,395698]",395698,395694,3,NORMAL,"[2.0,0.25999999046325684]",65,True,False
6264,Fits and Starts,33,4,"[341283,341285,341286,341307,341312]",341312,341307,3,NORMAL,"[4.0,0.5199999809265137]",131,False,False
6264,Fits and Starts,47,5,"[341296,341298,341299,341313,395706,395710]",395710,395706,3,CRITICAL,"[2.5,0.32499998807907104]",82,False,True
6264,Fits and Starts,49,4,"[341296,341298,341299,341313,341318]",341318,341313,3,CRITICAL,"[5.0,0.6499999761581421]",164,False,False
6265,Watchdog,20,0,[340504],340504,6265,3,CRITICAL,"[5.0,0.6000000238418579]",152,False,True
6265,Watchdog,21,0,[241526],241526,6265,3,NORMAL,"[4.0,0.47999998927116394]",121,True,False
6265,Watchdog,41,4,"[341255,341257,341258,341260,341329]",341329,341260,3,NORMAL,"[4.0,0.47999998927116394]",121,True,False
6265,Watchdog,60,4,"[341262,341264,341265,341331,341342]",341342,341331,3,CRITICAL,"[5.0,0.6000000238418579]",152,False,True
6266,Sweeping,2,1,"[339522,339524]",339524,339522,5,NORMAL,"[4.0,0.5199999809265137]",131,True,False
6266,Sweeping,3,1,"[339522,339526]",339526,339522,5,NORMAL,"[5.0,0.6499999761581421]",164,False,False
6266,Sweeping,12,5,"[339522,341344,341346,341347,341349,341350]",341350,341349,5,NORMAL,"[4.0,0.5199999809265137]",131,True,False
6266,Sweeping,13,5,"[339522,341344,341346,341347,341349,341351]",341351,341349,5,NORMAL,"[5.0,0.6499999761581421]",164,False,False
6266,Sweeping,16,1,"[340505,340507]",340507,340505,5,CRITICAL,"[5.0,0.6499999761581421]",164,False,True
6266,Sweeping,17,1,"[340505,340508]",340508,340505,5,CRITICAL,"[6.25,0.8125]",205,False,False
6266,Sweeping,26,5,"[340505,341352,341354,341355,341357,341358]",341358,341357,5,CRITICAL,"[5.0,0.6499999761581421]",164,False,True
6266,Sweeping,27,5,"[340505,341352,341354,341355,341357,341359]",341359,341357,5,CRITICAL,"[6.25,0.8125]",205,False,False
6267,Contusion,1,1,"[291545,241119]",241119,291545,5,NORMAL,"[3.0,0.36000001430511475]",91,True,False
6267,Contusion,10,5,"[291545,341360,341362,341363,341365,341366]",341366,341365,5,NORMAL,"[3.0,0.36000001430511475]",91,True,False
6267,Contusion,13,1,"[340509,340510]",340510,340509,5,CRITICAL,"[3.75,0.44999998807907104]",113,False,False
6267,Contusion,22,5,"[340509,341367,341369,341370,341372,341373]",341373,341372,5,CRITICAL,"[3.75,0.44999998807907104]",113,False,False
6268,Big Dog,2,2,"[340512,340513,340514]",340514,340513,5,CRITICAL,"[5.0,0.6000000238418579]",152,False,True
6268,Big Dog,9,2,"[340512,340520,340521]",340521,340520,5,CRITICAL,"[5.0,0.6000000238418579]",152,False,True
6268,Big Dog,17,2,"[243795,243796,241121]",241121,243796,5,NORMAL,"[4.0,0.47999998927116394]",121,True,False
6268,Big Dog,24,2,"[243795,267010,267011]",267011,267010,5,NORMAL,"[4.0,0.47999998927116394]",121,True,False
6268,Big Dog,38,5,"[341374,341376,341377,341379,341380,341381]",341381,341380,5,NORMAL,"[4.0,0.47999998927116394]",121,True,False
6268,Big Dog,45,5,"[341374,341376,341377,341379,341387,341388]",341388,341387,5,NORMAL,"[4.0,0.47999998927116394]",121,True,False
6268,Big Dog,59,5,"[341394,341396,341397,341399,341400,341401]",341401,341400,5,CRITICAL,"[5.0,0.6000000238418579]",152,False,True
6268,Big Dog,66,5,"[341394,341396,341397,341399,341407,341408]",341408,341407,5,CRITICAL,"[5.0,0.6000000238418579]",152,False,True
6269,Bone-Breaker,0,0,[339527],339527,6269,5,NORMAL,"[1.0,0.14000000059604645]",35,True,False
6269,Bone-Breaker,1,0,[340527],340527,6269,5,CRITICAL,"[1.25,0.17499999701976776]",44,False,True
6269,Bone-Breaker,11,4,"[341414,341416,341417,341419,341420]",341420,341419,5,NORMAL,"[1.0,0.14000000059604645]",35,True,False
6269,Bone-Breaker,19,4,"[341421,341423,341424,341426,341427]",341427,341426,5,CRITICAL,"[1.25,0.17499999701976776]",44,False,True
6270,Pugnacity,1,1,"[340033,241135]",241135,340033,5,NORMAL,"[5.0,0.6000000238418579]",152,True,False
6270,Pugnacity,9,1,"[341095,341096]",341096,341095,5,CRITICAL,"[6.25,0.75]",190,False,True
6270,Pugnacity,23,4,"[341428,341430,341431,341433,341434]",341434,341433,5,NORMAL,"[5.0,0.6000000238418579]",152,True,False
6270,Pugnacity,31,4,"[341441,341443,341444,341446,341447]",341447,341446,5,CRITICAL,"[6.25,0.75]",190,False,True
6463,Barbed Fire,52,1,"[358390,265000]",265000,358390,2,CRITICAL,"[2.5,0.30000001192092896]",76,False,False
6463,Barbed Fire,57,2,"[358390,395120,395124]",395124,395120,2,CRITICAL,"[2.5,0.30000001192092896]",76,False,False
6463,Barbed Fire,63,1,"[358366,261805]",261805,358366,2,NORMAL,"[2.0,0.23999999463558197]",60,False,False
6463,Barbed Fire,68,2,"[358366,359169,395119]",395119,359169,2,NORMAL,"[2.0,0.23999999463558197]",60,False,False
6463,Barbed Fire,78,3,"[417851,418080,417854,417855]",417855,417854,2,CRITICAL,"[5.0,0.5]",127,False,False
6463,Barbed Fire,82,3,"[417851,418080,418081,417853]",417853,418081,2,CRITICAL,"[5.0,0.6000000238418579]",152,False,True
6463,Barbed Fire,90,3,"[417842,418078,417845,417846]",417846,417845,2,NORMAL,"[4.0,0.4000000059604645]",102,False,False
6463,Barbed Fire,94,3,"[417842,418078,418079,417844]",417844,418079,2,NORMAL,"[4.0,0.47999998927116394]",121,True,False
6463,Barbed Fire,100,2,"[416181,416183,416184]",416184,416183,2,CRITICAL,"[1.25,0.15000000596046448]",38,False,False
6463,Barbed Fire,102,2,"[416181,416185,416186]",416186,416185,2,CRITICAL,"[0.0,1.0]",245,False,False
6463,Barbed Fire,107,2,"[416174,416176,416177]",416177,416176,2,NORMAL,"[1.0,0.11999999731779099]",30,False,False
6463,Barbed Fire,109,2,"[416174,416178,416179]",416179,416178,2,NORMAL,"[0.0,1.0]",245,False,False
6463,Barbed Fire,113,1,"[417724,417726]",417726,417724,2,CRITICAL,"[0.0,1.0]",245,False,False
6463,Barbed Fire,118,1,"[417720,417721]",417721,417720,2,NORMAL,"[0.0,1.0]",245,False,False
6464,Sticky Bomb,57,2,"[416244,416246,416247]",416247,416246,2,CRITICAL,"[1.875,0.22499999403953552]",56,False,False
6464,Sticky Bomb,59,2,"[416244,416248,416249]",416249,416248,2,CRITICAL,"[0.0,1.0]",245,False,False
6464,Sticky Bomb,64,2,"[416237,416239,416240]",416240,416239,2,NORMAL,"[1.5,0.18000000715255737]",45,False,False
6464,Sticky Bomb,66,2,"[416237,416241,416242]",416242,416241,2,NORMAL,"[0.0,1.0]",245,False,False
6464,Sticky Bomb,70,1,"[417728,417730]",417730,417728,2,NORMAL,"[0.0,1.0]",245,False,False
6464,Sticky Bomb,75,1,"[417732,417734]",417734,417732,2,CRITICAL,"[0.0,1.0]",245,False,False
6465,Execution,37,2,"[371302,371153,371157]",371157,371153,2,NORMAL,"[3.0,0.38999998569488525]",98,True,False
6465,Execution,77,2,"[371303,371184,371189]",371189,371184,2,CRITICAL,"[3.75,0.48750001192092896]",123,False,True
6465,Execution,83,2,"[416370,416372,416373]",416373,416372,2,CRITICAL,"[2.5,0.30000001192092896]",76,False,False
6465,Execution,85,2,"[416370,416374,416375]",416375,416374,2,CRITICAL,"[0.0,1.0]",245,False,False
6465,Execution,90,2,"[416363,416365,416366]",416366,416365,2,NORMAL,"[2.0,0.23999999463558197]",60,False,False
6465,Execution,92,2,"[416363,416367,416368]",416368,416367,2,NORMAL,"[0.0,1.0]",245,False,False
6465,Execution,96,1,"[417736,417738]",417738,417736,2,NORMAL,"[0.0,1.0]",245,False,False
6465,Execution,101,1,"[417740,417742]",417742,417740,2,CRITICAL,"[0.0,1.0]",245,False,False
6466,Crosswise,52,1,"[266289,266290]",266290,266289,2,CRITICAL,"[2.5,0.32499998807907104]",82,False,True
6466,Crosswise,61,1,"[266260,266261]",266261,266260,2,NORMAL,"[2.0,0.25999999046325684]",65,True,False
6466,Crosswise,71,2,"[416272,416274,416275]",416275,416274,2,CRITICAL,"[1.875,0.22499999403953552]",56,False,False
6466,Crosswise,73,2,"[416272,416276,416277]",416277,416276,2,CRITICAL,"[0.0,1.0]",245,False,False
6466,Crosswise,78,2,"[416265,416267,416268]",416268,416267,2,NORMAL,"[1.5,0.18000000715255737]",45,False,False
6466,Crosswise,80,2,"[416265,416269,416270]",416270,416269,2,NORMAL,"[0.0,1.0]",245,False,False
6466,Crosswise,84,1,"[417744,417746]",417746,417744,2,NORMAL,"[0.0,1.0]",245,False,False
6466,Crosswise,89,1,"[417748,417750]",417750,417748,2,CRITICAL,"[0.0,1.0]",245,False,False
6467,Perforation,54,2,"[418636,418638,418642]",418642,418638,2,CRITICAL,"[3.75,0.48750001192092896]",123,False,True
6467,Perforation,56,1,"[418636,418644]",418644,418636,2,CRITICAL,"[7.5,0.9750000238418579]",246,False,False
6467,Perforation,65,2,"[418625,418627,418631]",418631,418627,2,NORMAL,"[3.0,0.38999998569488525]",98,True,False
6467,Perforation,67,1,"[418625,418633]",418633,418625,2,NORMAL,"[6.0,0.7799999713897705]",197,False,False
6467,Perforation,73,2,"[416328,416330,416331]",416331,416330,2,CRITICAL,"[4.375,0.5249999761581421]",132,False,False
6467,Perforation,75,2,"[416328,416332,416333]",416333,416332,2,CRITICAL,"[0.0,1.0]",245,False,False
6467,Perforation,80,2,"[416321,416323,416324]",416324,416323,2,NORMAL,"[3.5,0.41999998688697815]",106,False,False
6467,Perforation,82,2,"[416321,416325,416326]",416326,416325,2,NORMAL,"[0.0,1.0]",245,False,False
6467,Perforation,86,1,"[417756,417758]",417758,417756,2,CRITICAL,"[0.0,1.0]",245,False,False
6467,Perforation,91,1,"[417752,417754]",417754,417752,2,NORMAL,"[0.0,1.0]",245,False,False
6468,Machine Gun,54,1,"[307152,262488]",262488,307152,3,NORMAL,"[2.0,0.25999999046325684]",65,True,False
6468,Machine Gun,70,1,"[307153,265014]",265014,307153,3,CRITICAL,"[2.5,0.32499998807907104]",82,False,True
6468,Machine Gun,87,2,"[416279,416281,416282]",416282,416281,3,NORMAL,"[1.5,0.18000000715255737]",45,False,False
6468,Machine Gun,89,2,"[416279,416283,416284]",416284,416283,3,NORMAL,"[0.0,1.0]",245,False,False
6468,Machine Gun,94,2,"[416286,416288,416289]",416289,416288,3,CRITICAL,"[1.875,0.22499999403953552]",56,False,False
6468,Machine Gun,96,2,"[416286,416290,416291]",416291,416290,3,CRITICAL,"[0.0,1.0]",245,False,False
6468,Machine Gun,100,1,"[417760,417762]",417762,417760,3,NORMAL,"[0.0,1.0]",245,False,False
6468,Machine Gun,105,1,"[417764,417766]",417766,417764,3,CRITICAL,"[0.0,1.0]",245,False,False
6469,Blunderbuss,55,2,"[370629,418786,370631]",370631,418786,3,CRITICAL,"[3.75,0.44999998807907104]",113,False,False
6469,Blunderbuss,61,3,"[370629,370633,416556,370634]",370634,416556,3,CRITICAL,"[3.75,0.44999998807907104]",113,False,False
6469,Blunderbuss,67,2,"[358393,418785,262536]",262536,418785,3,NORMAL,"[3.0,0.36000001430511475]",91,True,False
6469,Blunderbuss,73,3,"[358393,370600,416555,370602]",370602,416555,3,NORMAL,"[3.0,0.36000001430511475]",91,True,False
6469,Blunderbuss,79,2,"[416342,416344,416345]",416345,416344,3,CRITICAL,"[2.5,0.30000001192092896]",76,False,False
6469,Blunderbuss,81,2,"[416342,416346,416347]",416347,416346,3,CRITICAL,"[0.0,1.0]",245,False,False
6469,Blunderbuss,86,1,"[417772,417774]",417774,417772,3,CRITICAL,"[0.0,1.0]",245,False,False
6469,Blunderbuss,92,2,"[416335,416337,416338]",416338,416337,3,NORMAL,"[2.0,0.23999999463558197]",60,False,False
6469,Blunderbuss,94,2,"[416335,416339,416340]",416340,416339,3,NORMAL,"[0.0,1.0]",245,False,False
6469,Blunderbuss,98,1,"[417768,417770]",417770,417768,3,NORMAL,"[0.0,1.0]",245,False,False
6470,Encumbering Shot,52,1,"[370692,370694]",370694,370692,3,CRITICAL,"[5.0,0.6499999761581421]",164,False,True
6470,Encumbering Shot,56,2,"[370692,370696,370697]",370697,370696,3,CRITICAL,"[5.0,0.6499999761581421]",164,False,True
6470,Encumbering Shot,63,1,"[358256,316868]",316868,358256,3,NORMAL,"[4.0,0.5199999809265137]",131,True,False
6470,Encumbering Shot,67,2,"[358256,370689,370690]",370690,370689,3,NORMAL,"[4.0,0.5199999809265137]",131,True,False
6470,Encumbering Shot,75,2,"[416356,416358,416359]",416359,416358,3,CRITICAL,"[3.125,0.375]",95,False,False
6470,Encumbering Shot,77,2,"[416356,416360,416361]",416361,416360,3,CRITICAL,"[0.0,1.0]",245,False,False
6470,Encumbering Shot,83,2,"[416349,416351,416352]",416352,416351,3,NORMAL,"[2.5,0.30000001192092896]",76,False,False
6470,Encumbering Shot,85,2,"[416349,416353,416354]",416354,416353,3,NORMAL,"[0.0,1.0]",245,False,False
6470,Encumbering Shot,89,1,"[417780,417782]",417782,417780,3,CRITICAL,"[0.0,1.0]",245,False,False
6470,Encumbering Shot,94,1,"[417776,417778]",417778,417776,3,NORMAL,"[0.0,1.0]",245,False,False
6471,Boomerang Dagger,55,2,"[371271,371274,371275]",371275,371274,3,CRITICAL,"[3.75,0.44999998807907104]",113,False,False
6471,Boomerang Dagger,58,2,"[371271,371277,371278]",371278,371277,3,CRITICAL,"[3.75,0.44999998807907104]",113,False,False
6471,Boomerang Dagger,63,4,"[371271,371277,416230,416232,416233]",416233,416232,3,CRITICAL,"[3.75,0.44999998807907104]",113,False,False
6471,Boomerang Dagger,65,4,"[371271,371277,416230,416234,416235]",416235,416234,3,CRITICAL,"[0.0,1.0]",245,False,False
6471,Boomerang Dagger,69,1,"[417788,417790]",417790,417788,3,CRITICAL,"[0.0,1.0]",245,False,False
6471,Boomerang Dagger,76,2,"[359082,359093,262824]",262824,359093,3,NORMAL,"[3.0,0.36000001430511475]",91,True,False
6471,Boomerang Dagger,79,2,"[359082,359083,359084]",359084,359083,3,NORMAL,"[3.0,0.36000001430511475]",91,True,False
6471,Boomerang Dagger,84,4,"[359082,359083,416223,416225,416226]",416226,416225,3,NORMAL,"[3.0,0.36000001430511475]",91,True,False
6471,Boomerang Dagger,86,4,"[359082,359083,416223,416227,416228]",416228,416227,3,NORMAL,"[0.0,1.0]",245,False,False
6471,Boomerang Dagger,90,1,"[417784,417786]",417786,417784,3,NORMAL,"[0.0,1.0]",245,False,False
6472,Pulsar,32,2,"[357538,357541,357542]",357542,357541,3,NORMAL,"[3.0,0.36000001430511475]",91,True,False
6472,Pulsar,33,2,"[357538,357541,357543]",357543,357541,3,NORMAL,"[6.0,0.7200000286102295]",182,False,False
6472,Pulsar,34,2,"[357538,357541,357544]",357544,357541,3,NORMAL,"[9.0,1.0800000429153442]",273,False,False
6472,Pulsar,69,2,"[357545,357548,357549]",357549,357548,3,CRITICAL,"[3.75,0.44999998807907104]",113,False,False
6472,Pulsar,70,2,"[357545,357548,357550]",357550,357548,3,CRITICAL,"[7.5,0.8999999761581421]",227,False,False
6472,Pulsar,71,2,"[357545,357548,357551]",357551,357548,3,CRITICAL,"[11.25,1.350000023841858]",342,False,False
6472,Pulsar,77,2,"[416293,416295,416296]",416296,416295,3,NORMAL,"[1.5,0.18000000715255737]",45,False,False
6472,Pulsar,79,2,"[416293,416297,416298]",416298,416297,3,NORMAL,"[0.0,1.0]",245,False,False
6472,Pulsar,84,2,"[416300,416302,416303]",416303,416302,3,CRITICAL,"[1.875,0.22499999403953552]",56,False,False
6472,Pulsar,86,2,"[416300,416304,416305]",416305,416304,3,CRITICAL,"[0.0,1.0]",245,False,False
6472,Pulsar,90,1,"[417792,417794]",417794,417792,3,NORMAL,"[0.0,1.0]",245,False,False
6472,Pulsar,95,1,"[417796,417798]",417798,417796,3,CRITICAL,"[0.0,1.0]",245,False,False
6473,Slap Shot,53,2,"[358496,409628,263426]",263426,409628,5,NORMAL,"[2.0,0.2199999988079071]",55,True,False
6473,Slap Shot,64,2,"[409632,409633,409635]",409635,409633,5,CRITICAL,"[2.5,0.2750000059604645]",69,False,True
6473,Slap Shot,75,2,"[416251,416253,416254]",416254,416253,5,NORMAL,"[1.0,0.11999999731779099]",30,False,False
6473,Slap Shot,77,2,"[416251,416255,416256]",416256,416255,5,NORMAL,"[0.0,1.0]",245,False,False
6473,Slap Shot,82,2,"[416258,416260,416261]",416261,416260,5,CRITICAL,"[1.25,0.15000000596046448]",38,False,False
6473,Slap Shot,84,2,"[416258,416262,416263]",416263,416262,5,CRITICAL,"[0.0,1.0]",245,False,False
6473,Slap Shot,88,1,"[417804,417806]",417806,417804,5,CRITICAL,"[0.0,1.0]",245,False,False
6473,Slap Shot,93,1,"[417800,417802]",417802,417800,5,NORMAL,"[0.0,1.0]",245,False,False
6474,Cheating,55,2,"[370856,359385,359386]",359386,359385,5,NORMAL,"[3.0,0.33000001311302185]",83,True,False
6474,Cheating,64,2,"[370884,370886,370887]",370887,370886,5,CRITICAL,"[3.75,0.4124999940395355]",104,False,True
6474,Cheating,73,2,"[416314,416316,416317]",416317,416316,5,CRITICAL,"[1.875,0.22499999403953552]",56,False,False
6474,Cheating,75,2,"[416314,416318,416319]",416319,416318,5,CRITICAL,"[0.0,1.0]",245,False,False
6474,Cheating,80,2,"[416307,416309,416310]",416310,416309,5,NORMAL,"[1.5,0.18000000715255737]",45,False,False
6474,Cheating,82,2,"[416307,416311,416312]",416312,416311,5,NORMAL,"[0.0,1.0]",245,False,False
6474,Cheating,86,1,"[417812,417814]",417814,417812,5,CRITICAL,"[0.0,1.0]",245,False,False
6474,Cheating,91,1,"[417808,417810]",417810,417808,5,NORMAL,"[0.0,1.0]",245,False,False
6475,Carbine,77,2,"[370960,370947,370948]",370948,370947,5,CRITICAL,"[5.0,0.5]",127,False,True
6475,Carbine,79,2,"[370960,370947,370950]",370950,370947,5,CRITICAL,"[5.5,0.550000011920929]",140,False,False
6475,Carbine,82,2,"[370960,370951,370952]",370952,370951,5,CRITICAL,"[6.0,0.6000000238418579]",153,False,False
6475,Carbine,83,2,"[370960,370951,370953]",370953,370951,5,CRITICAL,"[6.0,0.6600000262260437]",167,False,False
6475,Carbine,86,2,"[370960,370954,370955]",370955,370954,5,CRITICAL,"[7.0,0.699999988079071]",178,False,False
6475,Carbine,87,2,"[370960,370954,370956]",370956,370954,5,CRITICAL,"[7.699999809265137,0.7699999809265137]",196,False,False
6475,Carbine,119,2,"[370959,370913,370914]",370914,370913,5,NORMAL,"[4.0,0.4000000059604645]",102,True,False
6475,Carbine,121,2,"[370959,370913,370916]",370916,370913,5,NORMAL,"[4.400000095367432,0.4399999976158142]",112,False,False
6475,Carbine,124,2,"[370959,370917,370918]",370918,370917,5,NORMAL,"[5.0,0.5]",127,False,False
6475,Carbine,125,2,"[370959,370917,370919]",370919,370917,5,NORMAL,"[5.5,0.550000011920929]",140,False,False
6475,Carbine,128,2,"[370959,370920,370921]",370921,370920,5,NORMAL,"[6.0,0.6000000238418579]",153,False,False
6475,Carbine,129,2,"[370959,370920,370922]",370922,370920,5,NORMAL,"[6.599999904632568,0.6600000262260437]",168,False,False
6475,Carbine,138,2,"[416384,416386,416387]",416387,416386,5,CRITICAL,"[2.5,0.30000001192092896]",76,False,False
6475,Carbine,140,2,"[416384,416388,416389]",416389,416388,5,CRITICAL,"[0.0,1.0]",245,False,False
6475,Carbine,145,2,"[416377,416379,416380]",416380,416379,5,NORMAL,"[2.0,0.23999999463558197]",60,False,False
6475,Carbine,147,2,"[416377,416381,416382]",416382,416381,5,NORMAL,"[0.0,1.0]",245,False,False
6475,Carbine,151,1,"[417820,417822]",417822,417820,5,CRITICAL,"[0.0,1.0]",245,False,False
6475,Carbine,156,1,"[417816,417818]",417818,417816,5,NORMAL,"[0.0,1.0]",245,False,False
6476,Obliteration,30,3,"[416049,416073,416075,316806]",316806,416075,5,NORMAL,"[4.0,0.5199999809265137]",131,False,False
6476,Obliteration,32,4,"[416049,416073,416075,416076,416077]",416077,416076,5,NORMAL,"[0.0,1.0]",245,False,False
6476,Obliteration,65,3,"[416078,416102,416104,416105]",416105,416104,5,CRITICAL,"[5.0,0.6499999761581421]",164,False,False
6476,Obliteration,67,4,"[416078,416102,416104,416106,416107]",416107,416106,5,CRITICAL,"[0.0,1.0]",245,False,False
6476,Obliteration,73,2,"[416405,416407,416408]",416408,416407,5,NORMAL,"[3.0,0.36000001430511475]",91,False,False
6476,Obliteration,75,2,"[416405,416409,416410]",416410,416409,5,NORMAL,"[0.0,1.0]",245,False,False
6476,Obliteration,80,2,"[416412,416414,416415]",416415,416414,5,CRITICAL,"[3.75,0.44999998807907104]",113,False,False
6476,Obliteration,82,2,"[416412,416416,416417]",416417,416416,5,CRITICAL,"[0.0,1.0]",245,False,False
6476,Obliteration,86,1,"[417832,417834]",417834,417832,5,NORMAL,"[0.0,1.0]",245,False,False
6476,Obliteration,91,1,"[417836,417838]",417838,417836,5,CRITICAL,"[0.0,1.0]",245,False,False
6478,Longsword,29,2,"[371066,371057,264951]",264951,371057,5,NORMAL,"[5.0,0.6499999761581421]",164,True,False
6478,Longsword,61,2,"[371078,371105,371107]",371107,371105,5,CRITICAL,"[6.25,0.8125]",205,False,True
6478,Longsword,67,2,"[416398,416400,416401]",416401,416400,5,CRITICAL,"[3.75,0.44999998807907104]",113,False,False
6478,Longsword,69,2,"[416398,416402,416403]",416403,416402,5,CRITICAL,"[0.0,1.0]",245,False,False
6478,Longsword,74,2,"[416391,416393,416394]",416394,416393,5,NORMAL,"[3.0,0.36000001430511475]",91,False,False
6478,Longsword,76,2,"[416391,416395,416396]",416396,416395,5,NORMAL,"[0.0,1.0]",245,False,False
6478,Longsword,80,1,"[417824,417826]",417826,417824,5,NORMAL,"[0.0,1.0]",245,False,False
6478,Longsword,85,1,"[417828,417830]",417830,417828,5,CRITICAL,"[0.0,1.0]",245,False,False
6491,Evanescence,6,0,[395051],395051,6491,1083,NORMAL,"[3.0,0.36000001430511475]",91,True,False
6491,Evanescence,7,0,[416573],416573,6491,1083,CRITICAL,"[3.75,0.44999998807907104]",113,False,False
6902,Blazing Fire,4,3,"[343680,343681,344867,343683]",343683,344867,2,CRITICAL,"[2.5,0.2750000059604645]",69,False,True
6902,Blazing Fire,5,3,"[343680,343681,344867,343684]",343684,344867,917,CRITICAL,"[2.5,0.2750000059604645]",69,False,True
6902,Blazing Fire,8,3,"[343680,343681,344868,344870]",344870,344868,2,CRITICAL,"[2.5,0.2750000059604645]",69,False,True
6902,Blazing Fire,9,3,"[343680,343681,344868,344871]",344871,344868,917,CRITICAL,"[2.5,0.2750000059604645]",69,False,True
6902,Blazing Fire,12,2,"[343680,343685,343687]",343687,343685,2,CRITICAL,"[2.5,0.2750000059604645]",69,False,True
6902,Blazing Fire,13,2,"[343680,343685,343688]",343688,343685,917,CRITICAL,"[2.5,0.2750000059604645]",69,False,True
6902,Blazing Fire,18,3,"[309827,343105,344866,343106]",343106,344866,2,NORMAL,"[2.0,0.2199999988079071]",55,True,False
6902,Blazing Fire,19,3,"[309827,343105,344866,343107]",343107,344866,917,NORMAL,"[2.0,0.2199999988079071]",55,True,False
6902,Blazing Fire,22,3,"[309827,343105,344862,344864]",344864,344862,2,NORMAL,"[2.0,0.2199999988079071]",55,True,False
6902,Blazing Fire,23,3,"[309827,343105,344862,344865]",344865,344862,917,NORMAL,"[2.0,0.2199999988079071]",55,True,False
6902,Blazing Fire,26,2,"[309827,343108,343109]",343109,343108,2,NORMAL,"[2.0,0.2199999988079071]",55,True,False
6902,Blazing Fire,27,2,"[309827,343108,343110]",343110,343108,917,NORMAL,"[2.0,0.2199999988079071]",55,True,False
6903,Fire Thrower,4,3,"[343111,343112,344872,343113]",343113,344872,2,NORMAL,"[4.0,0.5199999809265137]",131,True,False
6903,Fire Thrower,5,3,"[343111,343112,344872,343114]",343114,344872,917,NORMAL,"[4.0,0.5199999809265137]",131,True,False
6903,Fire Thrower,9,3,"[343111,343112,344873,344875]",344875,344873,2,NORMAL,"[4.0,0.5199999809265137]",131,True,False
6903,Fire Thrower,10,3,"[343111,343112,344873,344876]",344876,344873,917,NORMAL,"[4.0,0.5199999809265137]",131,True,False
6903,Fire Thrower,14,2,"[343111,343116,343117]",343117,343116,2,NORMAL,"[4.0,0.5199999809265137]",131,True,False
6903,Fire Thrower,15,2,"[343111,343116,343118]",343118,343116,917,NORMAL,"[4.0,0.5199999809265137]",131,True,False
6903,Fire Thrower,21,3,"[343689,343690,344878,343692]",343692,344878,2,CRITICAL,"[5.0,0.6499999761581421]",164,False,True
6903,Fire Thrower,22,3,"[343689,343690,344878,343693]",343693,344878,917,CRITICAL,"[5.0,0.6499999761581421]",164,False,True
6903,Fire Thrower,26,3,"[343689,343690,344879,344881]",344881,344879,2,CRITICAL,"[5.0,0.6499999761581421]",164,False,True
6903,Fire Thrower,27,3,"[343689,343690,344879,344882]",344882,344879,917,CRITICAL,"[5.0,0.6499999761581421]",164,False,True
6903,Fire Thrower,31,2,"[343689,343695,343697]",343697,343695,2,CRITICAL,"[5.0,0.6499999761581421]",164,False,True
6903,Fire Thrower,32,2,"[343689,343695,343698]",343698,343695,917,CRITICAL,"[5.0,0.6499999761581421]",164,False,True
6904,Charring,4,3,"[343120,343121,344884,343122]",343122,344884,2,NORMAL,"[5.0,0.6499999761581421]",164,True,False
6904,Charring,5,3,"[343120,343121,344884,343123]",343123,344884,917,NORMAL,"[5.0,0.6499999761581421]",164,True,False
6904,Charring,9,3,"[343120,343121,344885,344887]",344887,344885,2,NORMAL,"[5.0,0.6499999761581421]",164,True,False
6904,Charring,10,3,"[343120,343121,344885,344888]",344888,344885,917,NORMAL,"[5.0,0.6499999761581421]",164,True,False
6904,Charring,14,2,"[343120,343124,343125]",343125,343124,2,NORMAL,"[5.0,0.6499999761581421]",164,True,False
6904,Charring,15,2,"[343120,343124,343126]",343126,343124,917,NORMAL,"[5.0,0.6499999761581421]",164,True,False
6904,Charring,20,3,"[343700,343701,344996,343703]",343703,344996,2,CRITICAL,"[6.25,0.8125]",205,False,True
6904,Charring,21,3,"[343700,343701,344996,343704]",343704,344996,917,CRITICAL,"[6.25,0.8125]",205,False,True
6904,Charring,24,3,"[343700,343701,344997,344999]",344999,344997,2,CRITICAL,"[6.25,0.8125]",205,False,True
6904,Charring,25,3,"[343700,343701,344997,345000]",345000,344997,917,CRITICAL,"[6.25,0.8125]",205,False,True
6904,Charring,28,2,"[343700,343705,343707]",343707,343705,2,CRITICAL,"[6.25,0.8125]",205,False,True
6904,Charring,29,2,"[343700,343705,343708]",343708,343705,917,CRITICAL,"[6.25,0.8125]",205,False,True
6905,Flambé,4,3,"[343127,343128,344893,344895]",344895,344893,2,NORMAL,"[3.0,0.36000001430511475]",91,True,False
6905,Flambé,5,3,"[343127,343128,344893,344896]",344896,344893,917,NORMAL,"[3.0,0.36000001430511475]",91,True,False
6905,Flambé,12,2,"[343127,343131,343132]",343132,343131,2,NORMAL,"[3.0,0.36000001430511475]",91,True,False
6905,Flambé,13,2,"[343127,343131,343133]",343133,343131,917,NORMAL,"[3.0,0.36000001430511475]",91,True,False
6905,Flambé,18,3,"[343709,343710,344897,344899]",344899,344897,2,CRITICAL,"[3.75,0.44999998807907104]",113,False,False
6905,Flambé,19,3,"[343709,343710,344897,344900]",344900,344897,917,CRITICAL,"[3.75,0.44999998807907104]",113,False,False
6905,Flambé,26,2,"[343709,343713,343715]",343715,343713,2,CRITICAL,"[3.75,0.44999998807907104]",113,False,False
6905,Flambé,27,2,"[343709,343713,343716]",343716,343713,917,CRITICAL,"[3.75,0.44999998807907104]",113,False,False
6906,Scuttle,8,4,"[343135,343136,343143,345905,343137]",343137,345905,2,NORMAL,"[0.0,1.0]",245,False,False
6906,Scuttle,9,4,"[343135,343136,343143,345905,343138]",343138,345905,917,NORMAL,"[0.0,1.0]",245,False,False
6906,Scuttle,13,3,"[343135,344129,343139,343140]",343140,343139,2,NORMAL,"[0.0,1.0]",245,False,False
6906,Scuttle,14,3,"[343135,344129,343139,343141]",343141,343139,917,NORMAL,"[0.0,1.0]",245,False,False
6906,Scuttle,23,4,"[343717,343718,343720,345909,343721]",343721,345909,2,CRITICAL,"[0.0,1.0]",245,False,False
6906,Scuttle,24,4,"[343717,343718,343720,345909,343722]",343722,345909,917,CRITICAL,"[0.0,1.0]",245,False,False
6906,Scuttle,28,3,"[343717,344130,343723,343725]",343725,343723,2,CRITICAL,"[0.0,1.0]",245,False,False
6906,Scuttle,29,3,"[343717,344130,343723,343726]",343726,343723,917,CRITICAL,"[0.0,1.0]",245,False,False
6907,Current,4,1,"[343179,343181]",343181,343179,4,NORMAL,"[2.0,0.2199999988079071]",55,True,False
6907,Current,5,1,"[343179,343281]",343281,343179,917,NORMAL,"[2.0,0.2199999988079071]",55,True,False
6907,Current,11,1,"[344925,344927]",344927,344925,4,CRITICAL,"[2.5,0.2750000059604645]",69,False,True
6907,Current,12,1,"[344925,344928]",344928,344925,917,CRITICAL,"[2.5,0.2750000059604645]",69,False,True
6908,Evaporation,5,2,"[343736,343740,343741]",343741,343740,4,CRITICAL,"[5.0,0.550000011920929]",139,False,True
6908,Evaporation,6,2,"[343736,343740,343742]",343742,343740,917,CRITICAL,"[5.0,0.550000011920929]",139,False,True
6908,Evaporation,8,2,"[343736,343743,343744]",343744,343743,4,CRITICAL,"[5.0,0.550000011920929]",139,False,True
6908,Evaporation,9,2,"[343736,343743,343745]",343745,343743,917,CRITICAL,"[5.0,0.550000011920929]",139,False,True
6908,Evaporation,11,2,"[343736,343746,343747]",343747,343746,4,CRITICAL,"[5.0,0.550000011920929]",139,False,True
6908,Evaporation,12,2,"[343736,343746,343748]",343748,343746,917,CRITICAL,"[5.0,0.550000011920929]",139,False,True
6908,Evaporation,14,2,"[343736,343749,343750]",343750,343749,4,CRITICAL,"[5.0,0.550000011920929]",139,False,True
6908,Evaporation,15,2,"[343736,343749,343751]",343751,343749,917,CRITICAL,"[5.0,0.550000011920929]",139,False,True
6908,Evaporation,17,2,"[343736,343752,343753]",343753,343752,4,CRITICAL,"[5.0,0.550000011920929]",139,False,True
6908,Evaporation,18,2,"[343736,343752,343754]",343754,343752,917,CRITICAL,"[5.0,0.550000011920929]",139,False,True
6908,Evaporation,20,2,"[343736,343755,343756]",343756,343755,4,CRITICAL,"[5.0,0.550000011920929]",139,False,True
6908,Evaporation,21,2,"[343736,343755,343757]",343757,343755,917,CRITICAL,"[5.0,0.550000011920929]",139,False,True
6908,Evaporation,23,2,"[343736,353833,353834]",353834,353833,4,CRITICAL,"[5.0,0.550000011920929]",139,False,True
6908,Evaporation,24,2,"[343736,353833,353835]",353835,353833,917,CRITICAL,"[5.0,0.550000011920929]",139,False,True
6908,Evaporation,26,2,"[343736,353836,353837]",353837,353836,4,CRITICAL,"[5.0,0.550000011920929]",139,False,True
6908,Evaporation,27,2,"[343736,353836,353838]",353838,353836,917,CRITICAL,"[5.0,0.550000011920929]",139,False,True
6908,Evaporation,34,2,"[343223,343227,343228]",343228,343227,4,NORMAL,"[4.0,0.4399999976158142]",111,True,False
6908,Evaporation,35,2,"[343223,343227,343229]",343229,343227,917,NORMAL,"[4.0,0.4399999976158142]",111,True,False
6908,Evaporation,37,2,"[343223,343230,343231]",343231,343230,4,NORMAL,"[4.0,0.4399999976158142]",111,True,False
6908,Evaporation,38,2,"[343223,343230,343232]",343232,343230,917,NORMAL,"[4.0,0.4399999976158142]",111,True,False
6908,Evaporation,40,2,"[343223,343233,343234]",343234,343233,4,NORMAL,"[4.0,0.4399999976158142]",111,True,False
6908,Evaporation,41,2,"[343223,343233,343235]",343235,343233,917,NORMAL,"[4.0,0.4399999976158142]",111,True,False
6908,Evaporation,43,2,"[343223,343236,343237]",343237,343236,4,NORMAL,"[4.0,0.4399999976158142]",111,True,False
6908,Evaporation,44,2,"[343223,343236,343238]",343238,343236,917,NORMAL,"[4.0,0.4399999976158142]",111,True,False
6908,Evaporation,46,2,"[343223,343239,343240]",343240,343239,4,NORMAL,"[4.0,0.4399999976158142]",111,True,False
6908,Evaporation,47,2,"[343223,343239,343241]",343241,343239,917,NORMAL,"[4.0,0.4399999976158142]",111,True,False
6908,Evaporation,49,2,"[343223,343242,343243]",343243,343242,4,NORMAL,"[4.0,0.4399999976158142]",111,True,False
6908,Evaporation,50,2,"[343223,343242,343244]",343244,343242,917,NORMAL,"[4.0,0.4399999976158142]",111,True,False
6908,Evaporation,52,2,"[343223,353827,353828]",353828,353827,4,NORMAL,"[4.0,0.4399999976158142]",111,True,False
6908,Evaporation,53,2,"[343223,353827,353829]",353829,353827,917,NORMAL,"[4.0,0.4399999976158142]",111,True,False
6908,Evaporation,55,2,"[343223,353830,353831]",353831,353830,4,NORMAL,"[4.0,0.4399999976158142]",111,True,False
6908,Evaporation,56,2,"[343223,353830,353832]",353832,353830,917,NORMAL,"[4.0,0.4399999976158142]",111,True,False
6909,Froth,1,1,"[343275,343276]",343276,343275,4,NORMAL,"[3.0,0.38999998569488525]",98,True,False
6909,Froth,2,1,"[343275,343277]",343277,343275,917,NORMAL,"[3.0,0.38999998569488525]",98,True,False
6909,Froth,8,1,"[343759,343760]",343760,343759,4,CRITICAL,"[3.75,0.48750001192092896]",123,False,True
6909,Froth,9,1,"[343759,343761]",343761,343759,917,CRITICAL,"[3.75,0.48750001192092896]",123,False,True
6910,Pilfer,1,1,"[343284,343285]",343285,343284,4,NORMAL,"[3.0,0.38999998569488525]",98,True,False
6910,Pilfer,2,1,"[343284,343286]",343286,343284,917,NORMAL,"[3.0,0.38999998569488525]",98,True,False
6910,Pilfer,8,1,"[343766,343767]",343767,343766,4,CRITICAL,"[3.75,0.48750001192092896]",123,False,True
6910,Pilfer,9,1,"[343766,343768]",343768,343766,917,CRITICAL,"[3.75,0.48750001192092896]",123,False,True
6911,Dissolution,1,1,"[343773,343774]",343774,343773,4,CRITICAL,"[5.0,0.699999988079071]",176,False,True
6911,Dissolution,2,1,"[343773,343775]",343775,343773,917,CRITICAL,"[5.0,0.699999988079071]",176,False,True
6911,Dissolution,8,1,"[343306,343307]",343307,343306,4,NORMAL,"[4.0,0.5600000023841858]",141,True,False
6911,Dissolution,9,1,"[343306,343308]",343308,343306,917,NORMAL,"[4.0,0.5600000023841858]",141,True,False
6912,Pummel,0,0,[297422],297422,6912,3,CRITICAL,"[3.75,0.48750001192092896]",123,False,True
6912,Pummel,1,0,[297420],297420,6912,3,NORMAL,"[3.0,0.38999998569488525]",98,True,False
6912,Pummel,2,0,[297740],297740,6912,917,NORMAL,"[3.0,0.38999998569488525]",98,True,False
6912,Pummel,3,0,[297741],297741,6912,917,CRITICAL,"[3.75,0.48750001192092896]",123,False,True
6913,Trampling,5,2,"[343780,343784,343785]",343785,343784,3,CRITICAL,"[3.75,0.4124999940395355]",104,False,True
6913,Trampling,6,2,"[343780,343784,343786]",343786,343784,917,CRITICAL,"[3.75,0.4124999940395355]",104,False,True
6913,Trampling,13,2,"[297424,343367,297425]",297425,343367,3,NORMAL,"[3.0,0.33000001311302185]",83,True,False
6913,Trampling,14,2,"[297424,343367,297742]",297742,343367,917,NORMAL,"[3.0,0.33000001311302185]",83,True,False
6914,Bombardment,2,2,"[343788,343789,343790]",343790,343789,3,CRITICAL,"[2.5,0.2750000059604645]",69,False,True
6914,Bombardment,3,2,"[343788,343789,343791]",343791,343789,917,CRITICAL,"[2.5,0.2750000059604645]",69,False,True
6914,Bombardment,4,2,"[343788,343789,343792]",343792,343789,3,CRITICAL,"[1.25,0.13750000298023224]",34,False,False
6914,Bombardment,5,2,"[343788,343789,343793]",343793,343789,917,CRITICAL,"[1.25,0.13750000298023224]",34,False,False
6914,Bombardment,6,2,"[343788,343789,343794]",343794,343789,3,CRITICAL,"[1.25,0.13750000298023224]",34,False,False
6914,Bombardment,7,2,"[343788,343789,343795]",343795,343789,917,CRITICAL,"[1.25,0.13750000298023224]",34,False,False
6914,Bombardment,10,2,"[297430,297431,297432]",297432,297431,3,NORMAL,"[2.0,0.2199999988079071]",55,True,False
6914,Bombardment,11,2,"[297430,297431,297744]",297744,297431,917,NORMAL,"[2.0,0.2199999988079071]",55,True,False
6914,Bombardment,12,2,"[297430,297431,343369]",343369,297431,3,NORMAL,"[1.0,0.10999999940395355]",27,False,False
6914,Bombardment,13,2,"[297430,297431,343370]",343370,297431,917,NORMAL,"[1.0,0.10999999940395355]",27,False,False
6914,Bombardment,14,2,"[297430,297431,343371]",343371,297431,3,NORMAL,"[1.0,0.10999999940395355]",27,False,False
6914,Bombardment,15,2,"[297430,297431,343372]",343372,297431,917,NORMAL,"[1.0,0.10999999940395355]",27,False,False
6915,Hammer Claw,5,2,"[343797,343801,343802]",343802,343801,3,CRITICAL,"[5.0,0.550000011920929]",139,False,True
6915,Hammer Claw,6,2,"[343797,343801,343803]",343803,343801,917,CRITICAL,"[5.0,0.550000011920929]",139,False,True
6915,Hammer Claw,14,2,"[297440,343375,297441]",297441,343375,3,NORMAL,"[4.0,0.4399999976158142]",111,True,False
6915,Hammer Claw,15,2,"[297440,343375,297748]",297748,343375,917,NORMAL,"[4.0,0.4399999976158142]",111,True,False
6916,Shebang,1,1,"[343380,343381]",343381,343380,3,NORMAL,"[9.0,1.1699999570846558]",295,False,False
6916,Shebang,2,1,"[343380,343382]",343382,343380,917,NORMAL,"[9.0,1.1699999570846558]",295,False,False
6916,Shebang,3,1,"[343380,343383]",343383,343380,3,NORMAL,"[6.0,0.7799999713897705]",197,False,False
6916,Shebang,4,1,"[343380,343384]",343384,343380,917,NORMAL,"[6.0,0.7799999713897705]",197,False,False
6916,Shebang,7,2,"[394998,394999,395000]",395000,394999,3,CRITICAL,"[0.0,1.0]",245,False,False
6916,Shebang,8,2,"[394998,394999,395001]",395001,394999,917,CRITICAL,"[0.0,1.0]",245,False,False
6916,Shebang,9,1,"[394998,395002]",395002,394998,3,CRITICAL,"[11.25,1.5750000476837158]",397,False,False
6916,Shebang,10,1,"[394998,395003]",395003,394998,917,CRITICAL,"[11.25,1.5750000476837158]",397,False,False
6916,Shebang,12,1,"[343806,343807]",343807,343806,3,CRITICAL,"[11.25,1.462499976158142]",369,False,False
6916,Shebang,13,1,"[343806,343808]",343808,343806,917,CRITICAL,"[11.25,1.462499976158142]",369,False,False
6916,Shebang,14,1,"[343806,343809]",343809,343806,3,CRITICAL,"[7.5,0.9750000238418579]",246,False,False
6916,Shebang,15,1,"[343806,343810]",343810,343806,917,CRITICAL,"[7.5,0.9750000238418579]",246,False,False
6916,Shebang,18,2,"[394992,394993,394994]",394994,394993,3,NORMAL,"[0.0,1.0]",245,False,False
6916,Shebang,19,2,"[394992,394993,394995]",394995,394993,917,NORMAL,"[0.0,1.0]",245,False,False
6916,Shebang,20,1,"[394992,394996]",394996,394992,3,NORMAL,"[9.0,1.2599999904632568]",317,False,False
6916,Shebang,21,1,"[394992,394997]",394997,394992,917,NORMAL,"[9.0,1.2599999904632568]",317,False,False
6918,Hypertension,8,2,"[343408,343412,343413]",343413,343412,1083,NORMAL,"[6.0,0.6000000238418579]",153,True,False
6918,Hypertension,9,2,"[343408,343412,343414]",343414,343412,917,NORMAL,"[6.0,0.6000000238418579]",153,True,False
6918,Hypertension,19,2,"[343811,343815,343816]",343816,343815,1083,CRITICAL,"[7.5,0.75]",191,False,True
6918,Hypertension,20,2,"[343811,343815,343817]",343817,343815,917,CRITICAL,"[7.5,0.75]",191,False,True
6967,Fecastopheles,11,2,"[298539,298631,298545]",298545,298631,2,NORMAL,"[5.0,0.699999988079071]",176,True,False
6967,Fecastopheles,31,2,"[298868,298879,298881]",298881,298879,2,CRITICAL,"[6.25,0.875]",220,False,True
6968,Meteorite,17,2,"[298890,298901,298903]",298903,298901,2,NORMAL,"[3.0,0.36000001430511475]",91,True,False
6968,Meteorite,43,2,"[298912,298923,298925]",298925,298923,2,CRITICAL,"[3.75,0.44999998807907104]",113,False,False
6969,Natural Attack,16,2,"[298934,298945,298947]",298947,298945,2,NORMAL,"[3.0,0.33000001311302185]",83,True,False
6969,Natural Attack,43,2,"[298956,303344,303346]",303346,303344,2,CRITICAL,"[3.75,0.4124999940395355]",104,False,True
6970,Magma,17,2,"[298978,298989,298991]",298991,298989,2,NORMAL,"[2.0,0.23999999463558197]",60,True,False
6970,Magma,43,2,"[299000,299011,299013]",299013,299011,2,CRITICAL,"[2.5,0.30000001192092896]",76,False,True
6971,Volcano,20,2,"[299022,299033,299035]",299035,299033,2,NORMAL,"[4.0,0.47999998927116394]",121,True,False
6971,Volcano,49,2,"[299044,299055,299057]",299057,299055,2,CRITICAL,"[5.0,0.6000000238418579]",152,False,True
6972,Drip,18,2,"[303251,303265,303267]",303267,303265,4,NORMAL,"[2.0,0.2199999988079071]",55,True,False
6972,Drip,45,2,"[303276,303290,303292]",303292,303290,4,CRITICAL,"[2.5,0.2750000059604645]",69,False,True
6974,Avalanche,12,2,"[299154,299165,299167]",299167,299165,4,NORMAL,"[3.0,0.30000001192092896]",76,True,False
6974,Avalanche,43,2,"[299176,299187,299189]",299189,299187,4,CRITICAL,"[3.75,0.375]",95,False,True
6975,Storm,12,2,"[299220,305238,299233]",299233,305238,4,CRITICAL,"[3.75,0.5249999761581421]",132,False,True
6975,Storm,37,2,"[299198,305234,305236]",305236,305234,4,NORMAL,"[3.0,0.41999998688697815]",105,True,False
6976,Crashing Wave,18,2,"[299242,299253,299255]",299255,299253,4,NORMAL,"[2.0,0.23999999463558197]",60,True,False
6976,Crashing Wave,45,2,"[299264,299275,299277]",299277,299275,4,CRITICAL,"[2.5,0.30000001192092896]",76,False,True
6977,Telluric Whack,18,2,"[299286,299297,299299]",299299,299297,3,NORMAL,"[4.0,0.47999998927116394]",121,True,False
6977,Telluric Whack,45,2,"[299308,299319,299321]",299321,299319,3,CRITICAL,"[5.0,0.6000000238418579]",152,False,True
6978,Defensive Orb,21,2,"[299353,299364,299366]",299366,299364,3,NORMAL,"[3.0,0.33000001311302185]",83,True,False
6978,Defensive Orb,51,2,"[299375,299386,299388]",299388,299386,3,CRITICAL,"[3.75,0.4124999940395355]",104,False,True
6979,Bastion,15,2,"[299419,299430,299432]",299432,299430,3,CRITICAL,"[2.5,0.375]",94,False,True
6979,Bastion,39,2,"[299397,299408,299410]",299410,299408,3,NORMAL,"[2.0,0.30000001192092896]",75,True,False
6980,Rampart,21,2,"[299441,299452,299454]",299454,299452,3,NORMAL,"[3.0,0.36000001430511475]",91,True,False
6980,Rampart,51,2,"[299463,299474,299476]",299476,299474,3,CRITICAL,"[3.75,0.44999998807907104]",113,False,False
6981,Staff,18,2,"[298784,298793,298795]",298795,298793,3,NORMAL,"[5.0,0.6000000238418579]",152,True,False
6981,Staff,45,2,"[299331,299342,299344]",299344,299342,3,CRITICAL,"[6.25,0.75]",190,False,True
7066,Whipkick,0,0,[307464],307464,7066,2,NORMAL,"[3.0,0.33000001311302185]",83,True,False
7066,Whipkick,1,0,[307467],307467,7066,2,CRITICAL,"[3.75,0.4124999940395355]",104,False,True
7067,Fracture,0,0,[307478],307478,7067,2,NORMAL,"[3.0,0.36000001430511475]",91,True,False
7067,Fracture,1,0,[307481],307481,7067,2,CRITICAL,"[3.75,0.44999998807907104]",113,False,False
7068,Unhinging,0,0,[307497],307497,7068,2,NORMAL,"[3.0,0.38999998569488525]",98,True,False
7068,Unhinging,1,0,[307499],307499,7068,2,CRITICAL,"[3.75,0.48750001192092896]",123,False,True
7069,Neurosis,7,2,"[308570,308582,307501]",307501,308582,2,NORMAL,"[5.0,0.699999988079071]",176,True,False
7069,Neurosis,16,2,"[308576,308584,307504]",307504,308584,2,CRITICAL,"[6.25,0.875]",220,False,True
7070,Capering,2,2,"[307506,307507,307508]",307508,307507,2,NORMAL,"[6.0,0.6000000238418579]",153,True,False
7070,Capering,8,2,"[307506,307509,307510]",307510,307509,2,NORMAL,"[6.0,0.6000000238418579]",153,True,False
7070,Capering,14,2,"[307506,307511,307512]",307512,307511,2,NORMAL,"[6.0,0.6000000238418579]",153,True,False
7070,Capering,21,2,"[307514,307515,307516]",307516,307515,2,CRITICAL,"[7.5,0.75]",191,False,True
7070,Capering,27,2,"[307514,307517,307518]",307518,307517,2,CRITICAL,"[7.5,0.75]",191,False,True
7070,Capering,33,2,"[307514,307519,307520]",307520,307519,2,CRITICAL,"[7.5,0.75]",191,False,True
7071,Sign,1,1,"[330081,307524]",307524,330081,4,CRITICAL,"[2.5,0.3499999940395355]",88,False,True
7071,Sign,4,1,"[330080,307522]",307522,330080,4,NORMAL,"[2.0,0.2800000011920929]",70,True,False
7073,Deliverance,2,2,"[308565,412855,412856]",412856,412855,4,CRITICAL,"[3.75,0.375]",95,False,True
7073,Deliverance,7,2,"[308559,308806,308563]",308563,308806,4,NORMAL,"[3.0,0.30000001192092896]",76,True,False
7074,Manhunt,1,1,"[307554,307555]",307555,307554,4,NORMAL,"[5.0,0.550000011920929]",139,True,False
7074,Manhunt,4,1,"[307560,307561]",307561,307560,4,CRITICAL,"[6.25,0.6875]",174,False,True
7075,Sarabande,2,2,"[330029,330013,307569]",307569,330013,4,NORMAL,"[6.0,0.7799999713897705]",197,True,False
7075,Sarabande,11,2,"[330030,330015,307573]",307573,330015,4,CRITICAL,"[7.5,0.9750000238418579]",246,False,True
7076,Fugue,1,1,"[307579,307580]",307580,307579,5,NORMAL,"[3.0,0.38999998569488525]",98,True,False
7076,Fugue,10,1,"[307582,307583]",307583,307582,5,CRITICAL,"[3.75,0.48750001192092896]",123,False,True
7077,Pursuit,3,1,"[307585,307586]",307586,307585,5,NORMAL,"[1.0,0.11999999731779099]",30,True,False
7077,Pursuit,7,1,"[307589,307590]",307590,307589,5,CRITICAL,"[1.25,0.15000000596046448]",38,False,True
7078,Somersault,10,2,"[413711,413712,307598]",307598,413712,5,NORMAL,"[2.0,0.20000000298023224]",51,True,False
7078,Somersault,16,2,"[413711,413718,413726]",413726,413718,5,NORMAL,"[2.0,0.20000000298023224]",51,True,False
7078,Somersault,23,2,"[413734,413735,413740]",413740,413735,5,CRITICAL,"[2.5,0.25]",63,False,True
7078,Somersault,29,2,"[413734,413742,413746]",413746,413742,5,CRITICAL,"[2.5,0.25]",63,False,True
7079,Cavalcade,0,0,[307627],307627,7079,5,CRITICAL,"[2.5,0.25]",63,False,True
7079,Cavalcade,1,0,[307621],307621,7079,5,NORMAL,"[2.0,0.20000000298023224]",51,True,False
7080,Dislocation,6,1,"[307637,307639]",307639,307637,5,CRITICAL,"[5.0,0.6499999761581421]",164,False,True
7080,Dislocation,10,1,"[307633,307635]",307635,307633,5,NORMAL,"[4.0,0.5199999809265137]",131,True,False
7307,Incendiary Crow,1,1,"[325963,325964]",325964,325963,2,NORMAL,"[3.0,0.33000001311302185]",83,True,False
7307,Incendiary Crow,2,1,"[325963,325965]",325965,325963,2,NORMAL,"[4.0,0.4399999976158142]",111,False,False
7307,Incendiary Crow,5,1,"[326600,326601]",326601,326600,2,CRITICAL,"[3.75,0.4124999940395355]",104,False,True
7307,Incendiary Crow,6,1,"[326600,326602]",326602,326600,2,CRITICAL,"[5.0,0.550000011920929]",139,False,False
7307,Incendiary Crow,9,1,"[325966,325967]",325967,325966,2,NORMAL,"[3.0,0.33000001311302185]",83,True,False
7307,Incendiary Crow,10,1,"[325966,325968]",325968,325966,2,NORMAL,"[4.0,0.4399999976158142]",111,False,False
7307,Incendiary Crow,12,1,"[326603,326604]",326604,326603,2,CRITICAL,"[3.75,0.4124999940395355]",104,False,True
7307,Incendiary Crow,13,1,"[326603,326605]",326605,326603,2,CRITICAL,"[5.0,0.550000011920929]",139,False,False
7307,Incendiary Crow,15,1,"[326193,325970]",325970,326193,2,NORMAL,"[4.0,0.4399999976158142]",111,False,False
7307,Incendiary Crow,16,1,"[326193,325969]",325969,326193,2,NORMAL,"[3.0,0.33000001311302185]",83,True,False
7307,Incendiary Crow,18,1,"[326606,326608]",326608,326606,2,CRITICAL,"[5.0,0.550000011920929]",139,False,False
7307,Incendiary Crow,19,1,"[326606,326607]",326607,326606,2,CRITICAL,"[3.75,0.4124999940395355]",104,False,True
7308,Flaming Whip,1,1,"[326609,326610]",326610,326609,2,CRITICAL,"[2.5,0.32499998807907104]",82,False,True
7308,Flaming Whip,4,1,"[325979,325980]",325980,325979,2,NORMAL,"[2.0,0.25999999046325684]",65,True,False
7308,Flaming Whip,7,1,"[325981,325982]",325982,325981,2,NORMAL,"[2.0,0.25999999046325684]",65,True,False
7308,Flaming Whip,8,1,"[325981,325984]",325984,325981,2,NORMAL,"[2.0,0.25999999046325684]",65,True,False
7308,Flaming Whip,12,1,"[326612,326613]",326613,326612,2,CRITICAL,"[2.5,0.32499998807907104]",82,False,True
7308,Flaming Whip,13,1,"[326612,326614]",326614,326612,2,CRITICAL,"[2.5,0.32499998807907104]",82,False,True
7309,Flame Tornado,1,1,"[325989,325990]",325990,325989,2,NORMAL,"[4.0,0.4399999976158142]",111,True,False
7309,Flame Tornado,5,1,"[326617,326618]",326618,326617,2,CRITICAL,"[5.0,0.550000011920929]",139,False,True
7309,Flame Tornado,9,1,"[326621,326622]",326622,326621,2,CRITICAL,"[5.0,0.550000011920929]",139,False,True
7309,Flame Tornado,10,1,"[326621,326623]",326623,326621,2,CRITICAL,"[5.0,0.550000011920929]",139,False,True
7309,Flame Tornado,16,1,"[325992,325993]",325993,325992,2,NORMAL,"[4.0,0.4399999976158142]",111,True,False
7309,Flame Tornado,17,1,"[325992,325994]",325994,325992,2,NORMAL,"[4.0,0.4399999976158142]",111,True,False
7310,Fanning,2,2,"[325998,326006,325999]",325999,326006,2,NORMAL,"[4.0,0.3799999952316284]",97,True,False
7310,Fanning,8,2,"[326628,326629,326630]",326630,326629,2,CRITICAL,"[5.0,0.4749999940395355]",121,False,True
7310,Fanning,15,3,"[326001,326020,326012,326013]",326013,326012,2,NORMAL,"[4.0,0.3799999952316284]",97,True,False
7310,Fanning,20,3,"[326001,326021,326016,326017]",326017,326016,2,NORMAL,"[4.0,0.3799999952316284]",97,True,False
7310,Fanning,26,3,"[326633,326634,326635,326636]",326636,326635,2,CRITICAL,"[5.0,0.4749999940395355]",121,False,True
7310,Fanning,31,3,"[326633,326639,326640,326641]",326641,326640,2,CRITICAL,"[5.0,0.4749999940395355]",121,False,True
7311,Dragon's Breath,2,1,"[326038,327756]",327756,326038,2,NORMAL,"[5.0,0.6499999761581421]",164,True,False
7311,Dragon's Breath,5,1,"[326644,327757]",327757,326644,2,CRITICAL,"[6.25,0.8125]",205,False,True
7311,Dragon's Breath,9,1,"[326027,326040]",326040,326027,1,NORMAL,"[10.0,0.0,0.0,0.0,5.0,0.0]",10,False,False
7311,Dragon's Breath,10,1,"[326027,326039]",326039,326027,2,NORMAL,"[8.0,0.9649999737739563]",244,False,False
7311,Dragon's Breath,11,1,"[326027,326041]",326041,326027,2,NORMAL,"[8.0,0.9649999737739563]",244,False,False
7311,Dragon's Breath,15,1,"[326645,326646]",326646,326645,1,CRITICAL,"[10.0,0.0,0.0,0.0,5.0,0.0]",10,False,False
7311,Dragon's Breath,16,1,"[326645,326647]",326647,326645,2,CRITICAL,"[10.0,1.2062499523162842]",305,False,False
7311,Dragon's Breath,17,1,"[326645,326648]",326648,326645,2,CRITICAL,"[10.0,1.2062499523162842]",305,False,False
7312,Sandstorm,2,2,"[326043,326342,326044]",326044,326342,3,NORMAL,"[5.0,0.6000000238418579]",152,True,False
7312,Sandstorm,7,2,"[326649,326650,326651]",326651,326650,3,CRITICAL,"[6.25,0.75]",190,False,True
7312,Sandstorm,13,3,"[326653,326654,326655,326656]",326656,326655,3,CRITICAL,"[6.25,0.75]",190,False,True
7312,Sandstorm,18,3,"[326653,326658,326659,326660]",326660,326659,3,CRITICAL,"[6.0,0.75]",189,False,False
7312,Sandstorm,25,3,"[326045,326051,326343,326344]",326344,326343,3,NORMAL,"[5.0,0.6000000238418579]",152,True,False
7312,Sandstorm,30,3,"[326045,326055,326346,326347]",326347,326346,3,NORMAL,"[5.0,0.6000000238418579]",152,True,False
7313,Gravity,1,1,"[326059,326060]",326060,326059,3,NORMAL,"[2.0,0.23000000417232513]",58,True,False
7313,Gravity,6,1,"[326662,326663]",326663,326662,3,CRITICAL,"[2.5,0.2874999940395355]",72,False,True
7313,Gravity,12,2,"[326667,326668,326669]",326669,326668,3,CRITICAL,"[2.5,0.2874999940395355]",72,False,True
7313,Gravity,17,2,"[326667,326673,326674]",326674,326673,3,CRITICAL,"[2.5,0.2874999940395355]",72,False,True
7313,Gravity,23,2,"[326063,326064,326065]",326065,326064,3,NORMAL,"[2.0,0.23000000417232513]",58,True,False
7313,Gravity,28,2,"[326063,326068,326069]",326069,326068,3,NORMAL,"[2.0,0.23000000417232513]",58,True,False
7314,Impalement,0,0,[326082],326082,7314,3,NORMAL,"[5.0,0.7749999761581421]",194,True,False
7314,Impalement,1,0,[326678],326678,7314,3,CRITICAL,"[6.25,0.96875]",243,False,True
7314,Impalement,3,1,"[326086,326088]",326088,326086,3,NORMAL,"[5.0,0.7749999761581421]",194,True,False
7314,Impalement,4,1,"[326086,326093]",326093,326086,3,NORMAL,"[5.0,0.7749999761581421]",194,True,False
7314,Impalement,6,1,"[326679,326680]",326680,326679,3,CRITICAL,"[6.25,0.96875]",243,False,True
7314,Impalement,7,1,"[326679,326681]",326681,326679,3,CRITICAL,"[6.25,0.96875]",243,False,True
7315,Gambol,0,0,[326098],326098,7315,3,NORMAL,"[3.0,0.36000001430511475]",91,True,False
7315,Gambol,1,0,[326682],326682,7315,3,CRITICAL,"[3.75,0.44999998807907104]",113,False,False
7315,Gambol,3,1,"[326099,326100]",326100,326099,3,NORMAL,"[3.0,0.36000001430511475]",91,True,False
7315,Gambol,4,1,"[326099,326101]",326101,326099,3,NORMAL,"[3.0,0.36000001430511475]",91,True,False
7315,Gambol,6,1,"[326683,326684]",326684,326683,3,CRITICAL,"[3.75,0.44999998807907104]",113,False,False
7315,Gambol,7,1,"[326683,326685]",326685,326683,3,CRITICAL,"[3.75,0.44999998807907104]",113,False,False
7316,Crackler Punch,2,1,"[326105,327758]",327758,326105,3,NORMAL,"[4.0,0.47999998927116394]",121,True,False
7316,Crackler Punch,5,1,"[326687,327759]",327759,326687,3,CRITICAL,"[5.0,0.6000000238418579]",152,False,True
7316,Crackler Punch,10,2,"[326688,326689,326691]",326691,326689,3,CRITICAL,"[5.0,0.6000000238418579]",152,False,True
7316,Crackler Punch,14,2,"[326688,326692,326694]",326694,326692,3,CRITICAL,"[5.0,0.6000000238418579]",152,False,True
7316,Crackler Punch,19,2,"[326107,326112,326108]",326108,326112,3,NORMAL,"[4.0,0.47999998927116394]",121,True,False
7316,Crackler Punch,23,2,"[326107,326113,326114]",326114,326113,3,NORMAL,"[4.0,0.47999998927116394]",121,True,False
7317,Whip,1,1,"[326116,326123]",326123,326116,5,NORMAL,"[8.0,1.0800000429153442]",272,False,False
7317,Whip,2,1,"[326116,326117]",326117,326116,5,NORMAL,"[4.0,0.5400000214576721]",136,True,False
7317,Whip,5,1,"[326695,326697]",326697,326695,5,CRITICAL,"[10.0,1.350000023841858]",340,False,False
7317,Whip,6,1,"[326695,326696]",326696,326695,5,CRITICAL,"[5.0,0.675000011920929]",170,False,True
7317,Whip,10,2,"[326698,326699,326701]",326701,326699,5,CRITICAL,"[10.0,1.350000023841858]",340,False,False
7317,Whip,11,2,"[326698,326699,326700]",326700,326699,5,CRITICAL,"[5.0,0.675000011920929]",170,False,True
7317,Whip,13,2,"[326698,326702,326704]",326704,326702,5,CRITICAL,"[10.0,1.350000023841858]",340,False,False
7317,Whip,14,2,"[326698,326702,326703]",326703,326702,5,CRITICAL,"[5.0,0.675000011920929]",170,False,True
7317,Whip,17,2,"[326119,326126,326125]",326125,326126,5,NORMAL,"[8.0,1.0800000429153442]",272,False,False
7317,Whip,18,2,"[326119,326126,326124]",326124,326126,5,NORMAL,"[4.0,0.5400000214576721]",136,True,False
7317,Whip,20,2,"[326119,326127,326129]",326129,326127,5,NORMAL,"[8.0,1.0800000429153442]",272,False,False
7317,Whip,21,2,"[326119,326127,326128]",326128,326127,5,NORMAL,"[4.0,0.5400000214576721]",136,True,False
7318,Plucking,2,1,"[326130,326131]",326131,326130,5,NORMAL,"[3.0,0.36000001430511475]",91,True,False
7318,Plucking,5,1,"[326705,326707]",326707,326705,5,CRITICAL,"[3.75,0.44999998807907104]",113,False,False
7318,Plucking,10,2,"[326708,326709,326712]",326712,326709,5,CRITICAL,"[3.75,0.44999998807907104]",113,False,False
7318,Plucking,14,2,"[326708,326713,326716]",326716,326713,5,CRITICAL,"[3.75,0.44999998807907104]",113,False,False
7318,Plucking,19,2,"[326133,326134,326144]",326144,326134,5,NORMAL,"[3.0,0.36000001430511475]",91,True,False
7318,Plucking,23,2,"[326133,326137,326147]",326147,326137,5,NORMAL,"[3.0,0.36000001430511475]",91,True,False
7319,Transfer,6,1,"[326148,326150]",326150,326148,5,NORMAL,"[4.0,0.47999998927116394]",121,True,False
7319,Transfer,14,1,"[327135,327140]",327140,327135,5,CRITICAL,"[5.0,0.6000000238418579]",152,False,True
7319,Transfer,20,2,"[326151,328280,326165]",326165,328280,5,NORMAL,"[4.0,0.47999998927116394]",121,True,False
7319,Transfer,21,2,"[326151,328280,326168]",326168,328280,5,NORMAL,"[4.0,0.47999998927116394]",121,True,False
7319,Transfer,26,2,"[327141,328279,327144]",327144,328279,5,CRITICAL,"[5.0,0.6000000238418579]",152,False,True
7319,Transfer,27,2,"[327141,328279,327145]",327145,328279,5,CRITICAL,"[5.0,0.6000000238418579]",152,False,True
7320,Repulsive Breath,1,1,"[326169,326171]",326171,326169,5,NORMAL,"[2.0,0.25999999046325684]",65,True,False
7320,Repulsive Breath,4,1,"[326728,326729]",326729,326728,5,CRITICAL,"[2.5,0.32499998807907104]",82,False,True
7320,Repulsive Breath,8,2,"[326172,326173,326176]",326176,326173,5,NORMAL,"[2.0,0.25999999046325684]",65,True,False
7320,Repulsive Breath,12,2,"[326172,326177,326180]",326180,326177,5,NORMAL,"[2.0,0.25999999046325684]",65,True,False
7320,Repulsive Breath,17,2,"[326731,326732,326733]",326733,326732,5,CRITICAL,"[2.5,0.32499998807907104]",82,False,True
7320,Repulsive Breath,21,2,"[326731,326735,326736]",326736,326735,5,CRITICAL,"[2.5,0.32499998807907104]",82,False,True
7321,Feather Tornado,20,2,"[327787,326186,326465]",326465,326186,5,NORMAL,"[3.0,0.36000001430511475]",91,False,False
7321,Feather Tornado,24,3,"[327787,326186,326747,326191]",326191,326747,5,NORMAL,"[3.0,0.36000001430511475]",91,False,False
7321,Feather Tornado,26,2,"[327787,327762,326184]",326184,327762,5,NORMAL,"[3.0,0.33000001311302185]",83,True,False
7321,Feather Tornado,30,2,"[327788,327772,327773]",327773,327772,5,CRITICAL,"[3.75,0.44999998807907104]",113,False,False
7321,Feather Tornado,34,3,"[327788,327772,327774,327775]",327775,327774,5,CRITICAL,"[3.75,0.44999998807907104]",113,False,False
7321,Feather Tornado,36,2,"[327788,327770,327771]",327771,327770,5,CRITICAL,"[3.75,0.4124999940395355]",104,False,True
